transcript,utr5_n_tracts,utr5_closest_start,utr5_closest_end,utr5_closest_seq,utr3_n_tracts,utr3_closest_start,utr3_closest_end,utr3_closest_seq
YAL003W_mRNA,0,NA,NA,NA,0,NA,NA,NA
YAL005C_mRNA,0,NA,NA,NA,0,NA,NA,NA
YAL007C_mRNA,0,NA,NA,NA,1,72,80,TTTTTTTTT
YAL008W_mRNA,0,NA,NA,NA,0,NA,NA,NA
YAL010C_mRNA,0,NA,NA,NA,0,NA,NA,NA
YAL011W_mRNA,0,NA,NA,NA,0,NA,NA,NA
YAL012W_mRNA,0,NA,NA,NA,0,NA,NA,NA
YAL016W_mRNA,0,NA,NA,NA,0,NA,NA,NA
YAL021C_mRNA,0,NA,NA,NA,2,112,119,TTTTTTTT
YAL022C_mRNA,0,NA,NA,NA,0,NA,NA,NA
YAL023C_mRNA,0,NA,NA,NA,0,NA,NA,NA
YAL025C_mRNA,0,NA,NA,NA,0,NA,NA,NA
YAL030W_mRNA,0,NA,NA,NA,0,NA,NA,NA
YAL033W_mRNA,0,NA,NA,NA,1,47,53,TTTTTTT
YAL034C_mRNA,0,NA,NA,NA,0,NA,NA,NA
YAL034W-A_mRNA,0,NA,NA,NA,0,NA,NA,NA
YAL035W_mRNA,0,NA,NA,NA,0,NA,NA,NA
YAL038W_mRNA,0,NA,NA,NA,1,34,40,TTTTTTT
YAL039C_mRNA,0,NA,NA,NA,0,NA,NA,NA
YAL042W_mRNA,0,NA,NA,NA,0,NA,NA,NA
YAL043C_mRNA,0,NA,NA,NA,0,NA,NA,NA
YAL044W-A_mRNA,0,NA,NA,NA,0,NA,NA,NA
YAL047C_mRNA,0,NA,NA,NA,0,NA,NA,NA
YAL049C_mRNA,0,NA,NA,NA,0,NA,NA,NA
YAL053W_mRNA,0,NA,NA,NA,0,NA,NA,NA
YAL055W_mRNA,0,NA,NA,NA,0,NA,NA,NA
YAL058W_mRNA,0,NA,NA,NA,0,NA,NA,NA
YAL060W_mRNA,0,NA,NA,NA,0,NA,NA,NA
YAR002C-A_mRNA,0,NA,NA,NA,0,NA,NA,NA
YAR002W_mRNA,0,NA,NA,NA,1,99,106,TTTTTTTT
YAR003W_mRNA,0,NA,NA,NA,1,412,421,TTTTTTTTTT
YAR007C_mRNA,0,NA,NA,NA,0,NA,NA,NA
YAR008W_mRNA,0,NA,NA,NA,0,NA,NA,NA
YAR015W_mRNA,0,NA,NA,NA,0,NA,NA,NA
YAR027W_mRNA,0,NA,NA,NA,0,NA,NA,NA
YAR028W_mRNA,0,NA,NA,NA,1,150,156,TTTTTTT
YBL001C_mRNA,0,NA,NA,NA,1,95,102,TTTTTTTT
YBL002W_mRNA,0,NA,NA,NA,0,NA,NA,NA
YBL003C_mRNA,0,NA,NA,NA,0,NA,NA,NA
YBL006C_mRNA,0,NA,NA,NA,0,NA,NA,NA
YBL007C_mRNA,0,NA,NA,NA,1,105,115,TTTTTTTTTTT
YBL010C_mRNA,0,NA,NA,NA,0,NA,NA,NA
YBL011W_mRNA,0,NA,NA,NA,0,NA,NA,NA
YBL014C_mRNA,0,NA,NA,NA,0,NA,NA,NA
YBL018C_mRNA,0,NA,NA,NA,0,NA,NA,NA
YBL020W_mRNA,0,NA,NA,NA,0,NA,NA,NA
YBL021C_mRNA,0,NA,NA,NA,0,NA,NA,NA
YBL022C_mRNA,0,NA,NA,NA,0,NA,NA,NA
YBL026W_mRNA,0,NA,NA,NA,0,NA,NA,NA
YBL027W_mRNA,0,NA,NA,NA,0,NA,NA,NA
YBL028C_mRNA,0,NA,NA,NA,0,NA,NA,NA
YBL029C-A_mRNA,0,NA,NA,NA,0,NA,NA,NA
YBL030C_mRNA,0,NA,NA,NA,2,51,57,TTTTTTT
YBL032W_mRNA,0,NA,NA,NA,0,NA,NA,NA
YBL033C_mRNA,0,NA,NA,NA,1,40,46,TTTTTTT
YBL036C_mRNA,0,NA,NA,NA,1,38,46,TTTTTTTTT
YBL038W_mRNA,0,NA,NA,NA,0,NA,NA,NA
YBL039W-B_mRNA,0,NA,NA,NA,0,NA,NA,NA
YBL040C_mRNA,0,NA,NA,NA,0,NA,NA,NA
YBL041W_mRNA,0,NA,NA,NA,2,61,70,TTTTTTTTTT
YBL042C_mRNA,0,NA,NA,NA,0,NA,NA,NA
YBL050W_mRNA,0,NA,NA,NA,0,NA,NA,NA
YBL054W_mRNA,0,NA,NA,NA,0,NA,NA,NA
YBL055C_mRNA,1,359,365,TTTTTTT,0,NA,NA,NA
YBL056W_mRNA,0,NA,NA,NA,0,NA,NA,NA
YBL057C_mRNA,0,NA,NA,NA,0,NA,NA,NA
YBL058W_mRNA,0,NA,NA,NA,0,NA,NA,NA
YBL059C-A_mRNA,0,NA,NA,NA,1,8,14,TTTTTTT
YBL061C_mRNA,0,NA,NA,NA,0,NA,NA,NA
YBL064C_mRNA,0,NA,NA,NA,0,NA,NA,NA
YBL068W_mRNA,0,NA,NA,NA,0,NA,NA,NA
YBL071W-A_mRNA,0,NA,NA,NA,0,NA,NA,NA
YBL076C_mRNA,0,NA,NA,NA,0,NA,NA,NA
YBL078C_mRNA,0,NA,NA,NA,0,NA,NA,NA
YBL086C_mRNA,0,NA,NA,NA,0,NA,NA,NA
YBL087C_mRNA,0,NA,NA,NA,0,NA,NA,NA
YBL090W_mRNA,0,NA,NA,NA,0,NA,NA,NA
YBL092W_mRNA,0,NA,NA,NA,0,NA,NA,NA
YBL099W_mRNA,1,214,220,TTTTTTT,1,151,157,TTTTTTT
YBL102W_mRNA,1,75,86,TTTTTTTTTTTT,0,NA,NA,NA
YBL104C_mRNA,0,NA,NA,NA,0,NA,NA,NA
YBL107C_mRNA,0,NA,NA,NA,1,137,143,TTTTTTT
YBR001C_mRNA,0,NA,NA,NA,0,NA,NA,NA
YBR003W_mRNA,0,NA,NA,NA,0,NA,NA,NA
YBR004C_mRNA,0,NA,NA,NA,0,NA,NA,NA
YBR009C_mRNA,0,NA,NA,NA,0,NA,NA,NA
YBR010W_mRNA,0,NA,NA,NA,0,NA,NA,NA
YBR011C_mRNA,0,NA,NA,NA,0,NA,NA,NA
YBR015C_mRNA,0,NA,NA,NA,0,NA,NA,NA
YBR016W_mRNA,0,NA,NA,NA,2,96,103,TTTTTTTT
YBR017C_mRNA,0,NA,NA,NA,1,6,13,TTTTTTTT
YBR021W_mRNA,0,NA,NA,NA,0,NA,NA,NA
YBR022W_mRNA,0,NA,NA,NA,0,NA,NA,NA
YBR024W_mRNA,0,NA,NA,NA,0,NA,NA,NA
YBR025C_mRNA,0,NA,NA,NA,2,237,244,TTTTTTTT
YBR030W_mRNA,0,NA,NA,NA,1,72,79,TTTTTTTT
YBR031W_mRNA,0,NA,NA,NA,1,107,114,TTTTTTTT
YBR034C_mRNA,0,NA,NA,NA,0,NA,NA,NA
YBR035C_mRNA,0,NA,NA,NA,0,NA,NA,NA
YBR038W_mRNA,0,NA,NA,NA,0,NA,NA,NA
YBR039W_mRNA,0,NA,NA,NA,0,NA,NA,NA
YBR044C_mRNA,0,NA,NA,NA,0,NA,NA,NA
YBR048W_mRNA,0,NA,NA,NA,1,127,133,TTTTTTT
YBR049C_mRNA,0,NA,NA,NA,1,79,86,TTTTTTTT
YBR052C_mRNA,0,NA,NA,NA,0,NA,NA,NA
YBR054W_mRNA,2,188,194,TTTTTTT,3,31,37,TTTTTTT
YBR056W_mRNA,0,NA,NA,NA,0,NA,NA,NA
YBR056W-A_mRNA,0,NA,NA,NA,0,NA,NA,NA
YBR057C_mRNA,0,NA,NA,NA,0,NA,NA,NA
YBR058C-A_mRNA,0,NA,NA,NA,0,NA,NA,NA
YBR060C_mRNA,0,NA,NA,NA,0,NA,NA,NA
YBR061C_mRNA,0,NA,NA,NA,0,NA,NA,NA
YBR067C_mRNA,0,NA,NA,NA,0,NA,NA,NA
YBR068C_mRNA,0,NA,NA,NA,1,158,165,TTTTTTTT
YBR069C_mRNA,0,NA,NA,NA,0,NA,NA,NA
YBR070C_mRNA,0,NA,NA,NA,0,NA,NA,NA
YBR071W_mRNA,0,NA,NA,NA,1,106,112,TTTTTTT
YBR074W_mRNA,0,NA,NA,NA,0,NA,NA,NA
YBR078W_mRNA,0,NA,NA,NA,0,NA,NA,NA
YBR079C_mRNA,0,NA,NA,NA,0,NA,NA,NA
YBR080C_mRNA,0,NA,NA,NA,0,NA,NA,NA
YBR082C_mRNA,0,NA,NA,NA,0,NA,NA,NA
YBR084C-A_mRNA,0,NA,NA,NA,0,NA,NA,NA
YBR084W_mRNA,0,NA,NA,NA,0,NA,NA,NA
YBR085C-A_mRNA,0,NA,NA,NA,0,NA,NA,NA
YBR085W_mRNA,0,NA,NA,NA,0,NA,NA,NA
YBR086C_mRNA,0,NA,NA,NA,0,NA,NA,NA
YBR087W_mRNA,0,NA,NA,NA,0,NA,NA,NA
YBR088C_mRNA,0,NA,NA,NA,0,NA,NA,NA
YBR092C_mRNA,0,NA,NA,NA,0,NA,NA,NA
YBR093C_mRNA,0,NA,NA,NA,0,NA,NA,NA
YBR094W_mRNA,0,NA,NA,NA,0,NA,NA,NA
YBR096W_mRNA,0,NA,NA,NA,0,NA,NA,NA
YBR101C_mRNA,0,NA,NA,NA,0,NA,NA,NA
YBR102C_mRNA,0,NA,NA,NA,0,NA,NA,NA
YBR104W_mRNA,0,NA,NA,NA,0,NA,NA,NA
YBR105C_mRNA,0,NA,NA,NA,1,58,66,TTTTTTTTT
YBR106W_mRNA,0,NA,NA,NA,2,23,31,TTTTTTTTT
YBR109C_mRNA,0,NA,NA,NA,0,NA,NA,NA
YBR111C_mRNA,0,NA,NA,NA,0,NA,NA,NA
YBR111W-A_mRNA,0,NA,NA,NA,0,NA,NA,NA
YBR114W_mRNA,0,NA,NA,NA,0,NA,NA,NA
YBR118W_mRNA,1,52,60,TTTTTTTTT,0,NA,NA,NA
YBR119W_mRNA,0,NA,NA,NA,0,NA,NA,NA
YBR120C_mRNA,0,NA,NA,NA,0,NA,NA,NA
YBR122C_mRNA,0,NA,NA,NA,0,NA,NA,NA
YBR123C_mRNA,0,NA,NA,NA,0,NA,NA,NA
YBR126C_mRNA,0,NA,NA,NA,1,72,78,TTTTTTT
YBR127C_mRNA,0,NA,NA,NA,3,29,35,TTTTTTT
YBR129C_mRNA,0,NA,NA,NA,1,32,40,TTTTTTTTT
YBR130C_mRNA,0,NA,NA,NA,0,NA,NA,NA
YBR137W_mRNA,0,NA,NA,NA,0,NA,NA,NA
YBR139W_mRNA,0,NA,NA,NA,0,NA,NA,NA
YBR145W_mRNA,0,NA,NA,NA,0,NA,NA,NA
YBR146W_mRNA,0,NA,NA,NA,0,NA,NA,NA
YBR149W_mRNA,0,NA,NA,NA,0,NA,NA,NA
YBR151W_mRNA,0,NA,NA,NA,0,NA,NA,NA
YBR154C_mRNA,0,NA,NA,NA,0,NA,NA,NA
YBR155W_mRNA,0,NA,NA,NA,0,NA,NA,NA
YBR158W_mRNA,1,87,93,TTTTTTT,0,NA,NA,NA
YBR159W_mRNA,0,NA,NA,NA,0,NA,NA,NA
YBR160W_mRNA,0,NA,NA,NA,0,NA,NA,NA
YBR162W-A_mRNA,0,NA,NA,NA,0,NA,NA,NA
YBR164C_mRNA,0,NA,NA,NA,0,NA,NA,NA
YBR166C_mRNA,0,NA,NA,NA,0,NA,NA,NA
YBR170C_mRNA,0,NA,NA,NA,0,NA,NA,NA
YBR171W_mRNA,0,NA,NA,NA,1,44,50,TTTTTTT
YBR172C_mRNA,0,NA,NA,NA,0,NA,NA,NA
YBR175W_mRNA,0,NA,NA,NA,0,NA,NA,NA
YBR176W_mRNA,0,NA,NA,NA,0,NA,NA,NA
YBR177C_mRNA,0,NA,NA,NA,1,116,122,TTTTTTT
YBR181C_mRNA,0,NA,NA,NA,0,NA,NA,NA
YBR185C_mRNA,0,NA,NA,NA,0,NA,NA,NA
YBR188C_mRNA,0,NA,NA,NA,0,NA,NA,NA
YBR189W_mRNA,0,NA,NA,NA,0,NA,NA,NA
YBR192W_mRNA,0,NA,NA,NA,0,NA,NA,NA
YBR193C_mRNA,0,NA,NA,NA,0,NA,NA,NA
YBR197C_mRNA,0,NA,NA,NA,1,371,380,TTTTTTTTTT
YBR199W_mRNA,0,NA,NA,NA,0,NA,NA,NA
YBR200W_mRNA,0,NA,NA,NA,0,NA,NA,NA
YBR201W_mRNA,0,NA,NA,NA,0,NA,NA,NA
YBR202W_mRNA,0,NA,NA,NA,1,56,62,TTTTTTT
YBR204C_mRNA,0,NA,NA,NA,0,NA,NA,NA
YBR217W_mRNA,0,NA,NA,NA,0,NA,NA,NA
YBR218C_mRNA,1,63,69,TTTTTTT,0,NA,NA,NA
YBR221C_mRNA,0,NA,NA,NA,0,NA,NA,NA
YBR230C_mRNA,0,NA,NA,NA,0,NA,NA,NA
YBR230W-A_mRNA,0,NA,NA,NA,0,NA,NA,NA
YBR231C_mRNA,0,NA,NA,NA,0,NA,NA,NA
YBR233W_mRNA,0,NA,NA,NA,0,NA,NA,NA
YBR233W-A_mRNA,0,NA,NA,NA,0,NA,NA,NA
YBR234C_mRNA,0,NA,NA,NA,0,NA,NA,NA
YBR235W_mRNA,0,NA,NA,NA,0,NA,NA,NA
YBR236C_mRNA,0,NA,NA,NA,0,NA,NA,NA
YBR242W_mRNA,1,67,73,TTTTTTT,0,NA,NA,NA
YBR244W_mRNA,0,NA,NA,NA,0,NA,NA,NA
YBR246W_mRNA,0,NA,NA,NA,0,NA,NA,NA
YBR247C_mRNA,0,NA,NA,NA,0,NA,NA,NA
YBR248C_mRNA,0,NA,NA,NA,0,NA,NA,NA
YBR249C_mRNA,0,NA,NA,NA,1,7,13,TTTTTTT
YBR251W_mRNA,0,NA,NA,NA,0,NA,NA,NA
YBR252W_mRNA,0,NA,NA,NA,0,NA,NA,NA
YBR253W_mRNA,1,35,42,TTTTTTTT,0,NA,NA,NA
YBR255C-A_mRNA,0,NA,NA,NA,0,NA,NA,NA
YBR255W_mRNA,0,NA,NA,NA,0,NA,NA,NA
YBR256C_mRNA,0,NA,NA,NA,0,NA,NA,NA
YBR257W_mRNA,0,NA,NA,NA,0,NA,NA,NA
YBR258C_mRNA,0,NA,NA,NA,0,NA,NA,NA
YBR259W_mRNA,0,NA,NA,NA,1,74,84,TTTTTTTTTTT
YBR260C_mRNA,0,NA,NA,NA,0,NA,NA,NA
YBR261C_mRNA,0,NA,NA,NA,1,81,88,TTTTTTTT
YBR265W_mRNA,0,NA,NA,NA,0,NA,NA,NA
YBR267W_mRNA,0,NA,NA,NA,1,19,25,TTTTTTT
YBR268W_mRNA,0,NA,NA,NA,0,NA,NA,NA
YBR269C_mRNA,0,NA,NA,NA,0,NA,NA,NA
YBR271W_mRNA,0,NA,NA,NA,0,NA,NA,NA
YBR272C_mRNA,0,NA,NA,NA,0,NA,NA,NA
YBR274W_mRNA,0,NA,NA,NA,0,NA,NA,NA
YBR279W_mRNA,0,NA,NA,NA,0,NA,NA,NA
YBR280C_mRNA,0,NA,NA,NA,1,122,128,TTTTTTT
YBR282W_mRNA,0,NA,NA,NA,0,NA,NA,NA
YBR283C_mRNA,1,78,87,TTTTTTTTTT,0,NA,NA,NA
YBR286W_mRNA,0,NA,NA,NA,1,62,69,TTTTTTTT
YBR287W_mRNA,0,NA,NA,NA,1,56,70,TTTTTTTTTTTTTTT
YBR288C_mRNA,0,NA,NA,NA,0,NA,NA,NA
YBR289W_mRNA,0,NA,NA,NA,0,NA,NA,NA
YBR290W_mRNA,0,NA,NA,NA,0,NA,NA,NA
YBR296C_mRNA,0,NA,NA,NA,2,116,122,TTTTTTT
YBR297W_mRNA,0,NA,NA,NA,0,NA,NA,NA
YCL001W_mRNA,0,NA,NA,NA,0,NA,NA,NA
YCL002C_mRNA,0,NA,NA,NA,0,NA,NA,NA
YCL004W_mRNA,0,NA,NA,NA,0,NA,NA,NA
YCL005W-A_mRNA,0,NA,NA,NA,0,NA,NA,NA
YCL011C_mRNA,0,NA,NA,NA,0,NA,NA,NA
YCL012C_mRNA,0,NA,NA,NA,0,NA,NA,NA
YCL017C_mRNA,0,NA,NA,NA,1,23,35,TTTTTTTTTTTTT
YCL025C_mRNA,0,NA,NA,NA,0,NA,NA,NA
YCL028W_mRNA,0,NA,NA,NA,1,64,72,TTTTTTTTT
YCL030C_mRNA,1,46,53,TTTTTTTT,0,NA,NA,NA
YCL031C_mRNA,0,NA,NA,NA,0,NA,NA,NA
YCL035C_mRNA,0,NA,NA,NA,0,NA,NA,NA
YCL038C_mRNA,0,NA,NA,NA,1,7,19,TTTTTTTTTTTTT
YCL044C_mRNA,0,NA,NA,NA,0,NA,NA,NA
YCL045C_mRNA,0,NA,NA,NA,0,NA,NA,NA
YCL049C_mRNA,0,NA,NA,NA,0,NA,NA,NA
YCL050C_mRNA,0,NA,NA,NA,0,NA,NA,NA
YCL054W_mRNA,0,NA,NA,NA,0,NA,NA,NA
YCL055W_mRNA,0,NA,NA,NA,0,NA,NA,NA
YCL056C_mRNA,0,NA,NA,NA,0,NA,NA,NA
YCL057W_mRNA,0,NA,NA,NA,0,NA,NA,NA
YCL058W-A_mRNA,0,NA,NA,NA,0,NA,NA,NA
YCL063W_mRNA,0,NA,NA,NA,2,55,65,TTTTTTTTTTT
YCR003W_mRNA,0,NA,NA,NA,0,NA,NA,NA
YCR004C_mRNA,0,NA,NA,NA,0,NA,NA,NA
YCR005C_mRNA,0,NA,NA,NA,0,NA,NA,NA
YCR007C_mRNA,0,NA,NA,NA,0,NA,NA,NA
YCR011C_mRNA,0,NA,NA,NA,0,NA,NA,NA
YCR012W_mRNA,0,NA,NA,NA,1,33,39,TTTTTTT
YCR016W_mRNA,0,NA,NA,NA,0,NA,NA,NA
YCR017C_mRNA,0,NA,NA,NA,1,94,100,TTTTTTT
YCR020W-B_mRNA,0,NA,NA,NA,0,NA,NA,NA
YCR023C_mRNA,0,NA,NA,NA,1,8,15,TTTTTTTT
YCR028C_mRNA,0,NA,NA,NA,2,468,476,TTTTTTTTT
YCR028C-A_mRNA,0,NA,NA,NA,0,NA,NA,NA
YCR031C_mRNA,0,NA,NA,NA,0,NA,NA,NA
YCR034W_mRNA,0,NA,NA,NA,0,NA,NA,NA
YCR035C_mRNA,0,NA,NA,NA,0,NA,NA,NA
YCR036W_mRNA,0,NA,NA,NA,0,NA,NA,NA
YCR037C_mRNA,0,NA,NA,NA,0,NA,NA,NA
YCR044C_mRNA,0,NA,NA,NA,1,52,60,TTTTTTTTT
YCR046C_mRNA,0,NA,NA,NA,0,NA,NA,NA
YCR047C_mRNA,0,NA,NA,NA,0,NA,NA,NA
YCR051W_mRNA,0,NA,NA,NA,0,NA,NA,NA
YCR061W_mRNA,0,NA,NA,NA,1,29,38,TTTTTTTTTT
YCR066W_mRNA,0,NA,NA,NA,0,NA,NA,NA
YCR067C_mRNA,1,78,85,TTTTTTTT,0,NA,NA,NA
YCR071C_mRNA,0,NA,NA,NA,0,NA,NA,NA
YCR072C_mRNA,0,NA,NA,NA,0,NA,NA,NA
YCR073W-A_mRNA,0,NA,NA,NA,0,NA,NA,NA
YCR075W-A_mRNA,0,NA,NA,NA,0,NA,NA,NA
YCR076C_mRNA,0,NA,NA,NA,0,NA,NA,NA
YCR077C_mRNA,0,NA,NA,NA,2,40,48,TTTTTTTTT
YCR079W_mRNA,0,NA,NA,NA,1,49,56,TTTTTTTT
YCR082W_mRNA,0,NA,NA,NA,0,NA,NA,NA
YCR088W_mRNA,0,NA,NA,NA,0,NA,NA,NA
YCR094W_mRNA,0,NA,NA,NA,0,NA,NA,NA
YCR095W-A_mRNA,0,NA,NA,NA,2,587,594,TTTTTTTT
YCR097W_mRNA,0,NA,NA,NA,0,NA,NA,NA
YDL001W_mRNA,0,NA,NA,NA,0,NA,NA,NA
YDL003W_mRNA,0,NA,NA,NA,0,NA,NA,NA
YDL004W_mRNA,0,NA,NA,NA,0,NA,NA,NA
YDL006W_mRNA,1,121,127,TTTTTTT,0,NA,NA,NA
YDL007W_mRNA,0,NA,NA,NA,0,NA,NA,NA
YDL008W_mRNA,0,NA,NA,NA,0,NA,NA,NA
YDL010W_mRNA,0,NA,NA,NA,0,NA,NA,NA
YDL012C_mRNA,0,NA,NA,NA,0,NA,NA,NA
YDL013W_mRNA,0,NA,NA,NA,0,NA,NA,NA
YDL014W_mRNA,0,NA,NA,NA,0,NA,NA,NA
YDL018C_mRNA,0,NA,NA,NA,0,NA,NA,NA
YDL019C_mRNA,0,NA,NA,NA,0,NA,NA,NA
YDL020C_mRNA,0,NA,NA,NA,0,NA,NA,NA
YDL022W_mRNA,0,NA,NA,NA,0,NA,NA,NA
YDL025C_mRNA,0,NA,NA,NA,0,NA,NA,NA
YDL027C_mRNA,0,NA,NA,NA,0,NA,NA,NA
YDL029W_mRNA,0,NA,NA,NA,0,NA,NA,NA
YDL030W_mRNA,0,NA,NA,NA,0,NA,NA,NA
YDL040C_mRNA,0,NA,NA,NA,0,NA,NA,NA
YDL042C_mRNA,0,NA,NA,NA,0,NA,NA,NA
YDL043C_mRNA,0,NA,NA,NA,0,NA,NA,NA
YDL044C_mRNA,0,NA,NA,NA,0,NA,NA,NA
YDL045W-A_mRNA,0,NA,NA,NA,0,NA,NA,NA
YDL046W_mRNA,0,NA,NA,NA,1,156,162,TTTTTTT
YDL052C_mRNA,0,NA,NA,NA,0,NA,NA,NA
YDL053C_mRNA,2,82,88,TTTTTTT,0,NA,NA,NA
YDL055C_mRNA,0,NA,NA,NA,0,NA,NA,NA
YDL061C_mRNA,0,NA,NA,NA,0,NA,NA,NA
YDL064W_mRNA,0,NA,NA,NA,0,NA,NA,NA
YDL065C_mRNA,0,NA,NA,NA,0,NA,NA,NA
YDL066W_mRNA,0,NA,NA,NA,2,31,40,TTTTTTTTTT
YDL067C_mRNA,0,NA,NA,NA,1,64,71,TTTTTTTT
YDL070W_mRNA,0,NA,NA,NA,0,NA,NA,NA
YDL072C_mRNA,0,NA,NA,NA,0,NA,NA,NA
YDL074C_mRNA,0,NA,NA,NA,0,NA,NA,NA
YDL075W_mRNA,0,NA,NA,NA,0,NA,NA,NA
YDL076C_mRNA,1,112,121,TTTTTTTTTT,0,NA,NA,NA
YDL078C_mRNA,0,NA,NA,NA,0,NA,NA,NA
YDL081C_mRNA,0,NA,NA,NA,0,NA,NA,NA
YDL082W_mRNA,0,NA,NA,NA,0,NA,NA,NA
YDL083C_mRNA,0,NA,NA,NA,0,NA,NA,NA
YDL084W_mRNA,1,165,171,TTTTTTT,0,NA,NA,NA
YDL085C-A_mRNA,0,NA,NA,NA,3,112,119,TTTTTTTT
YDL086W_mRNA,0,NA,NA,NA,0,NA,NA,NA
YDL091C_mRNA,0,NA,NA,NA,0,NA,NA,NA
YDL092W_mRNA,0,NA,NA,NA,0,NA,NA,NA
YDL093W_mRNA,0,NA,NA,NA,0,NA,NA,NA
YDL095W_mRNA,0,NA,NA,NA,0,NA,NA,NA
YDL097C_mRNA,0,NA,NA,NA,0,NA,NA,NA
YDL099W_mRNA,0,NA,NA,NA,0,NA,NA,NA
YDL100C_mRNA,0,NA,NA,NA,0,NA,NA,NA
YDL101C_mRNA,0,NA,NA,NA,0,NA,NA,NA
YDL102W_mRNA,0,NA,NA,NA,0,NA,NA,NA
YDL103C_mRNA,0,NA,NA,NA,0,NA,NA,NA
YDL110C_mRNA,0,NA,NA,NA,0,NA,NA,NA
YDL113C_mRNA,0,NA,NA,NA,1,15,23,TTTTTTTTT
YDL116W_mRNA,0,NA,NA,NA,0,NA,NA,NA
YDL120W_mRNA,0,NA,NA,NA,0,NA,NA,NA
YDL121C_mRNA,0,NA,NA,NA,0,NA,NA,NA
YDL122W_mRNA,1,63,70,TTTTTTTT,0,NA,NA,NA
YDL123W_mRNA,0,NA,NA,NA,0,NA,NA,NA
YDL124W_mRNA,0,NA,NA,NA,1,60,66,TTTTTTT
YDL125C_mRNA,0,NA,NA,NA,0,NA,NA,NA
YDL126C_mRNA,0,NA,NA,NA,0,NA,NA,NA
YDL128W_mRNA,0,NA,NA,NA,1,37,45,TTTTTTTTT
YDL130W_mRNA,0,NA,NA,NA,1,35,41,TTTTTTT
YDL130W-A_mRNA,0,NA,NA,NA,0,NA,NA,NA
YDL131W_mRNA,0,NA,NA,NA,0,NA,NA,NA
YDL133C-A_mRNA,0,NA,NA,NA,0,NA,NA,NA
YDL133W_mRNA,2,126,134,TTTTTTTTT,0,NA,NA,NA
YDL134C_mRNA,0,NA,NA,NA,0,NA,NA,NA
YDL135C_mRNA,0,NA,NA,NA,0,NA,NA,NA
YDL136W_mRNA,0,NA,NA,NA,0,NA,NA,NA
YDL137W_mRNA,0,NA,NA,NA,0,NA,NA,NA
YDL138W_mRNA,1,155,162,TTTTTTTT,0,NA,NA,NA
YDL141W_mRNA,0,NA,NA,NA,0,NA,NA,NA
YDL143W_mRNA,0,NA,NA,NA,0,NA,NA,NA
YDL144C_mRNA,0,NA,NA,NA,0,NA,NA,NA
YDL146W_mRNA,2,121,129,TTTTTTTTT,0,NA,NA,NA
YDL147W_mRNA,0,NA,NA,NA,0,NA,NA,NA
YDL153C_mRNA,0,NA,NA,NA,0,NA,NA,NA
YDL161W_mRNA,0,NA,NA,NA,0,NA,NA,NA
YDL165W_mRNA,0,NA,NA,NA,0,NA,NA,NA
YDL167C_mRNA,0,NA,NA,NA,0,NA,NA,NA
YDL168W_mRNA,0,NA,NA,NA,0,NA,NA,NA
YDL170W_mRNA,0,NA,NA,NA,1,78,89,TTTTTTTTTTTT
YDL174C_mRNA,0,NA,NA,NA,0,NA,NA,NA
YDL175C_mRNA,0,NA,NA,NA,0,NA,NA,NA
YDL177C_mRNA,0,NA,NA,NA,0,NA,NA,NA
YDL178W_mRNA,0,NA,NA,NA,0,NA,NA,NA
YDL181W_mRNA,0,NA,NA,NA,1,24,41,TTTTTTTTTTTTTTTTTT
YDL182W_mRNA,0,NA,NA,NA,0,NA,NA,NA
YDL184C_mRNA,0,NA,NA,NA,1,206,212,TTTTTTT
YDL185W_mRNA,0,NA,NA,NA,0,NA,NA,NA
YDL188C_mRNA,1,126,132,TTTTTTT,0,NA,NA,NA
YDL189W_mRNA,0,NA,NA,NA,0,NA,NA,NA
YDL191W_mRNA,0,NA,NA,NA,0,NA,NA,NA
YDL192W_mRNA,0,NA,NA,NA,0,NA,NA,NA
YDL193W_mRNA,0,NA,NA,NA,0,NA,NA,NA
YDL198C_mRNA,0,NA,NA,NA,0,NA,NA,NA
YDL201W_mRNA,0,NA,NA,NA,0,NA,NA,NA
YDL204W_mRNA,0,NA,NA,NA,4,9,21,TTTTTTTTTTTTT
YDL205C_mRNA,0,NA,NA,NA,1,57,82,TTTTTTTTTTTTTTTTTTTTTTTTTT
YDL207W_mRNA,0,NA,NA,NA,0,NA,NA,NA
YDL208W_mRNA,0,NA,NA,NA,0,NA,NA,NA
YDL212W_mRNA,0,NA,NA,NA,0,NA,NA,NA
YDL213C_mRNA,1,176,182,TTTTTTT,0,NA,NA,NA
YDL217C_mRNA,0,NA,NA,NA,0,NA,NA,NA
YDL219W_mRNA,0,NA,NA,NA,0,NA,NA,NA
YDL224C_mRNA,0,NA,NA,NA,0,NA,NA,NA
YDL226C_mRNA,0,NA,NA,NA,0,NA,NA,NA
YDL229W_mRNA,0,NA,NA,NA,0,NA,NA,NA
YDL230W_mRNA,0,NA,NA,NA,0,NA,NA,NA
YDL232W_mRNA,0,NA,NA,NA,0,NA,NA,NA
YDL233W_mRNA,0,NA,NA,NA,0,NA,NA,NA
YDL235C_mRNA,0,NA,NA,NA,0,NA,NA,NA
YDL236W_mRNA,0,NA,NA,NA,0,NA,NA,NA
YDL237W_mRNA,0,NA,NA,NA,0,NA,NA,NA
YDL241W_mRNA,0,NA,NA,NA,0,NA,NA,NA
YDR001C_mRNA,0,NA,NA,NA,0,NA,NA,NA
YDR002W_mRNA,0,NA,NA,NA,1,33,39,TTTTTTT
YDR005C_mRNA,1,119,125,TTTTTTT,0,NA,NA,NA
YDR007W_mRNA,0,NA,NA,NA,0,NA,NA,NA
YDR009W_mRNA,0,NA,NA,NA,0,NA,NA,NA
YDR012W_mRNA,0,NA,NA,NA,0,NA,NA,NA
YDR013W_mRNA,0,NA,NA,NA,0,NA,NA,NA
YDR016C_mRNA,0,NA,NA,NA,0,NA,NA,NA
YDR022C_mRNA,0,NA,NA,NA,0,NA,NA,NA
YDR023W_mRNA,0,NA,NA,NA,0,NA,NA,NA
YDR027C_mRNA,0,NA,NA,NA,0,NA,NA,NA
YDR031W_mRNA,0,NA,NA,NA,0,NA,NA,NA
YDR032C_mRNA,0,NA,NA,NA,0,NA,NA,NA
YDR033W_mRNA,0,NA,NA,NA,0,NA,NA,NA
YDR034C_mRNA,0,NA,NA,NA,0,NA,NA,NA
YDR034W-B_mRNA,0,NA,NA,NA,0,NA,NA,NA
YDR035W_mRNA,0,NA,NA,NA,1,101,112,TTTTTTTTTTTT
YDR036C_mRNA,0,NA,NA,NA,0,NA,NA,NA
YDR037W_mRNA,3,280,289,TTTTTTTTTT,0,NA,NA,NA
YDR041W_mRNA,0,NA,NA,NA,0,NA,NA,NA
YDR042C_mRNA,0,NA,NA,NA,0,NA,NA,NA
YDR044W_mRNA,2,168,174,TTTTTTT,1,82,88,TTTTTTT
YDR045C_mRNA,0,NA,NA,NA,0,NA,NA,NA
YDR046C_mRNA,0,NA,NA,NA,0,NA,NA,NA
YDR049W_mRNA,0,NA,NA,NA,0,NA,NA,NA
YDR050C_mRNA,0,NA,NA,NA,0,NA,NA,NA
YDR051C_mRNA,0,NA,NA,NA,0,NA,NA,NA
YDR054C_mRNA,0,NA,NA,NA,0,NA,NA,NA
YDR055W_mRNA,0,NA,NA,NA,0,NA,NA,NA
YDR056C_mRNA,0,NA,NA,NA,0,NA,NA,NA
YDR058C_mRNA,0,NA,NA,NA,1,42,50,TTTTTTTTT
YDR059C_mRNA,0,NA,NA,NA,0,NA,NA,NA
YDR060W_mRNA,0,NA,NA,NA,0,NA,NA,NA
YDR061W_mRNA,0,NA,NA,NA,0,NA,NA,NA
YDR062W_mRNA,1,247,254,TTTTTTTT,0,NA,NA,NA
YDR063W_mRNA,0,NA,NA,NA,1,61,67,TTTTTTT
YDR064W_mRNA,0,NA,NA,NA,0,NA,NA,NA
YDR066C_mRNA,0,NA,NA,NA,0,NA,NA,NA
YDR068W_mRNA,0,NA,NA,NA,1,8,14,TTTTTTT
YDR070C_mRNA,1,81,88,TTTTTTTT,0,NA,NA,NA
YDR071C_mRNA,0,NA,NA,NA,0,NA,NA,NA
YDR072C_mRNA,0,NA,NA,NA,0,NA,NA,NA
YDR073W_mRNA,0,NA,NA,NA,1,37,49,TTTTTTTTTTTTT
YDR074W_mRNA,0,NA,NA,NA,1,70,76,TTTTTTT
YDR075W_mRNA,0,NA,NA,NA,1,42,48,TTTTTTT
YDR077W_mRNA,0,NA,NA,NA,1,58,64,TTTTTTT
YDR079C-A_mRNA,0,NA,NA,NA,0,NA,NA,NA
YDR079W_mRNA,0,NA,NA,NA,0,NA,NA,NA
YDR086C_mRNA,0,NA,NA,NA,0,NA,NA,NA
YDR087C_mRNA,0,NA,NA,NA,0,NA,NA,NA
YDR089W_mRNA,1,60,68,TTTTTTTTT,0,NA,NA,NA
YDR091C_mRNA,0,NA,NA,NA,0,NA,NA,NA
YDR092W_mRNA,1,38,46,TTTTTTTTT,0,NA,NA,NA
YDR099W_mRNA,0,NA,NA,NA,1,89,95,TTTTTTT
YDR100W_mRNA,0,NA,NA,NA,1,166,172,TTTTTTT
YDR105C_mRNA,1,46,53,TTTTTTTT,1,44,51,TTTTTTTT
YDR115W_mRNA,0,NA,NA,NA,0,NA,NA,NA
YDR116C_mRNA,0,NA,NA,NA,0,NA,NA,NA
YDR117C_mRNA,0,NA,NA,NA,0,NA,NA,NA
YDR119W_mRNA,1,41,49,TTTTTTTTT,1,44,50,TTTTTTT
YDR119W-A_mRNA,0,NA,NA,NA,0,NA,NA,NA
YDR121W_mRNA,1,52,58,TTTTTTT,0,NA,NA,NA
YDR122W_mRNA,1,243,252,TTTTTTTTTT,0,NA,NA,NA
YDR123C_mRNA,0,NA,NA,NA,0,NA,NA,NA
YDR129C_mRNA,0,NA,NA,NA,0,NA,NA,NA
YDR133C_mRNA,0,NA,NA,NA,1,104,110,TTTTTTT
YDR137W_mRNA,0,NA,NA,NA,0,NA,NA,NA
YDR139C_mRNA,0,NA,NA,NA,0,NA,NA,NA
YDR140W_mRNA,0,NA,NA,NA,0,NA,NA,NA
YDR144C_mRNA,0,NA,NA,NA,0,NA,NA,NA
YDR148C_mRNA,0,NA,NA,NA,0,NA,NA,NA
YDR152W_mRNA,0,NA,NA,NA,0,NA,NA,NA
YDR153C_mRNA,1,32,38,TTTTTTT,0,NA,NA,NA
YDR161W_mRNA,0,NA,NA,NA,0,NA,NA,NA
YDR165W_mRNA,0,NA,NA,NA,0,NA,NA,NA
YDR167W_mRNA,0,NA,NA,NA,0,NA,NA,NA
YDR168W_mRNA,0,NA,NA,NA,0,NA,NA,NA
YDR171W_mRNA,0,NA,NA,NA,0,NA,NA,NA
YDR172W_mRNA,0,NA,NA,NA,0,NA,NA,NA
YDR174W_mRNA,0,NA,NA,NA,0,NA,NA,NA
YDR175C_mRNA,0,NA,NA,NA,0,NA,NA,NA
YDR176W_mRNA,0,NA,NA,NA,0,NA,NA,NA
YDR177W_mRNA,0,NA,NA,NA,0,NA,NA,NA
YDR178W_mRNA,0,NA,NA,NA,0,NA,NA,NA
YDR179C_mRNA,0,NA,NA,NA,0,NA,NA,NA
YDR179W-A_mRNA,0,NA,NA,NA,0,NA,NA,NA
YDR188W_mRNA,0,NA,NA,NA,0,NA,NA,NA
YDR189W_mRNA,0,NA,NA,NA,0,NA,NA,NA
YDR190C_mRNA,0,NA,NA,NA,0,NA,NA,NA
YDR194C_mRNA,0,NA,NA,NA,0,NA,NA,NA
YDR196C_mRNA,0,NA,NA,NA,0,NA,NA,NA
YDR197W_mRNA,0,NA,NA,NA,0,NA,NA,NA
YDR201W_mRNA,0,NA,NA,NA,0,NA,NA,NA
YDR202C_mRNA,0,NA,NA,NA,0,NA,NA,NA
YDR208W_mRNA,0,NA,NA,NA,0,NA,NA,NA
YDR210W_mRNA,0,NA,NA,NA,0,NA,NA,NA
YDR212W_mRNA,0,NA,NA,NA,1,75,81,TTTTTTT
YDR214W_mRNA,0,NA,NA,NA,0,NA,NA,NA
YDR224C_mRNA,0,NA,NA,NA,0,NA,NA,NA
YDR225W_mRNA,0,NA,NA,NA,0,NA,NA,NA
YDR226W_mRNA,0,NA,NA,NA,1,37,44,TTTTTTTT
YDR232W_mRNA,2,248,256,TTTTTTTTT,2,77,87,TTTTTTTTTTT
YDR233C_mRNA,0,NA,NA,NA,1,8,18,TTTTTTTTTTT
YDR234W_mRNA,0,NA,NA,NA,0,NA,NA,NA
YDR235W_mRNA,0,NA,NA,NA,0,NA,NA,NA
YDR237W_mRNA,1,103,109,TTTTTTT,0,NA,NA,NA
YDR238C_mRNA,0,NA,NA,NA,0,NA,NA,NA
YDR239C_mRNA,0,NA,NA,NA,0,NA,NA,NA
YDR242W_mRNA,0,NA,NA,NA,0,NA,NA,NA
YDR244W_mRNA,0,NA,NA,NA,0,NA,NA,NA
YDR245W_mRNA,0,NA,NA,NA,0,NA,NA,NA
YDR246W_mRNA,0,NA,NA,NA,0,NA,NA,NA
YDR247W_mRNA,1,222,228,TTTTTTT,3,195,202,TTTTTTTT
YDR251W_mRNA,1,106,115,TTTTTTTTTT,0,NA,NA,NA
YDR252W_mRNA,0,NA,NA,NA,0,NA,NA,NA
YDR254W_mRNA,0,NA,NA,NA,0,NA,NA,NA
YDR260C_mRNA,0,NA,NA,NA,4,96,102,TTTTTTT
YDR262W_mRNA,0,NA,NA,NA,1,59,66,TTTTTTTT
YDR264C_mRNA,0,NA,NA,NA,0,NA,NA,NA
YDR265W_mRNA,0,NA,NA,NA,0,NA,NA,NA
YDR267C_mRNA,0,NA,NA,NA,0,NA,NA,NA
YDR268W_mRNA,0,NA,NA,NA,0,NA,NA,NA
YDR272W_mRNA,0,NA,NA,NA,0,NA,NA,NA
YDR276C_mRNA,0,NA,NA,NA,1,108,116,TTTTTTTTT
YDR277C_mRNA,0,NA,NA,NA,1,32,38,TTTTTTT
YDR281C_mRNA,0,NA,NA,NA,0,NA,NA,NA
YDR284C_mRNA,0,NA,NA,NA,0,NA,NA,NA
YDR286C_mRNA,0,NA,NA,NA,0,NA,NA,NA
YDR288W_mRNA,0,NA,NA,NA,0,NA,NA,NA
YDR294C_mRNA,0,NA,NA,NA,0,NA,NA,NA
YDR295C_mRNA,1,149,159,TTTTTTTTTTT,0,NA,NA,NA
YDR296W_mRNA,0,NA,NA,NA,0,NA,NA,NA
YDR297W_mRNA,0,NA,NA,NA,0,NA,NA,NA
YDR298C_mRNA,0,NA,NA,NA,1,169,175,TTTTTTT
YDR299W_mRNA,0,NA,NA,NA,0,NA,NA,NA
YDR300C_mRNA,0,NA,NA,NA,1,106,112,TTTTTTT
YDR302W_mRNA,0,NA,NA,NA,0,NA,NA,NA
YDR304C_mRNA,0,NA,NA,NA,0,NA,NA,NA
YDR306C_mRNA,0,NA,NA,NA,0,NA,NA,NA
YDR307W_mRNA,0,NA,NA,NA,0,NA,NA,NA
YDR308C_mRNA,0,NA,NA,NA,0,NA,NA,NA
YDR309C_mRNA,1,22,28,TTTTTTT,0,NA,NA,NA
YDR320C_mRNA,0,NA,NA,NA,0,NA,NA,NA
YDR320C-A_mRNA,0,NA,NA,NA,0,NA,NA,NA
YDR322C-A_mRNA,0,NA,NA,NA,1,100,106,TTTTTTT
YDR322W_mRNA,0,NA,NA,NA,0,NA,NA,NA
YDR323C_mRNA,0,NA,NA,NA,1,99,105,TTTTTTT
YDR328C_mRNA,0,NA,NA,NA,0,NA,NA,NA
YDR329C_mRNA,0,NA,NA,NA,0,NA,NA,NA
YDR330W_mRNA,0,NA,NA,NA,0,NA,NA,NA
YDR336W_mRNA,0,NA,NA,NA,0,NA,NA,NA
YDR337W_mRNA,0,NA,NA,NA,0,NA,NA,NA
YDR338C_mRNA,0,NA,NA,NA,0,NA,NA,NA
YDR339C_mRNA,0,NA,NA,NA,0,NA,NA,NA
YDR341C_mRNA,0,NA,NA,NA,0,NA,NA,NA
YDR342C_mRNA,1,75,81,TTTTTTT,0,NA,NA,NA
YDR345C_mRNA,0,NA,NA,NA,0,NA,NA,NA
YDR346C_mRNA,0,NA,NA,NA,0,NA,NA,NA
YDR347W_mRNA,0,NA,NA,NA,0,NA,NA,NA
YDR348C_mRNA,0,NA,NA,NA,0,NA,NA,NA
YDR349C_mRNA,0,NA,NA,NA,0,NA,NA,NA
YDR352W_mRNA,0,NA,NA,NA,0,NA,NA,NA
YDR353W_mRNA,0,NA,NA,NA,0,NA,NA,NA
YDR354W_mRNA,0,NA,NA,NA,0,NA,NA,NA
YDR357C_mRNA,1,97,103,TTTTTTT,0,NA,NA,NA
YDR358W_mRNA,0,NA,NA,NA,0,NA,NA,NA
YDR361C_mRNA,0,NA,NA,NA,0,NA,NA,NA
YDR362C_mRNA,0,NA,NA,NA,1,67,73,TTTTTTT
YDR363W-A_mRNA,0,NA,NA,NA,0,NA,NA,NA
YDR364C_mRNA,0,NA,NA,NA,0,NA,NA,NA
YDR365C_mRNA,0,NA,NA,NA,0,NA,NA,NA
YDR367W_mRNA,0,NA,NA,NA,0,NA,NA,NA
YDR368W_mRNA,0,NA,NA,NA,0,NA,NA,NA
YDR370C_mRNA,0,NA,NA,NA,0,NA,NA,NA
YDR371W_mRNA,0,NA,NA,NA,0,NA,NA,NA
YDR372C_mRNA,0,NA,NA,NA,1,51,58,TTTTTTTT
YDR374W-A_mRNA,0,NA,NA,NA,0,NA,NA,NA
YDR376W_mRNA,0,NA,NA,NA,0,NA,NA,NA
YDR377W_mRNA,0,NA,NA,NA,0,NA,NA,NA
YDR378C_mRNA,0,NA,NA,NA,0,NA,NA,NA
YDR379C-A_mRNA,0,NA,NA,NA,0,NA,NA,NA
YDR379W_mRNA,0,NA,NA,NA,0,NA,NA,NA
YDR380W_mRNA,1,13,20,TTTTTTTT,0,NA,NA,NA
YDR381C-A_mRNA,0,NA,NA,NA,0,NA,NA,NA
YDR381W_mRNA,1,7,13,TTTTTTT,0,NA,NA,NA
YDR382W_mRNA,0,NA,NA,NA,1,162,169,TTTTTTTT
YDR384C_mRNA,0,NA,NA,NA,1,84,95,TTTTTTTTTTTT
YDR385W_mRNA,0,NA,NA,NA,0,NA,NA,NA
YDR386W_mRNA,0,NA,NA,NA,0,NA,NA,NA
YDR387C_mRNA,0,NA,NA,NA,0,NA,NA,NA
YDR388W_mRNA,0,NA,NA,NA,0,NA,NA,NA
YDR390C_mRNA,0,NA,NA,NA,0,NA,NA,NA
YDR391C_mRNA,0,NA,NA,NA,0,NA,NA,NA
YDR392W_mRNA,0,NA,NA,NA,0,NA,NA,NA
YDR394W_mRNA,0,NA,NA,NA,0,NA,NA,NA
YDR397C_mRNA,0,NA,NA,NA,0,NA,NA,NA
YDR398W_mRNA,0,NA,NA,NA,0,NA,NA,NA
YDR399W_mRNA,0,NA,NA,NA,0,NA,NA,NA
YDR405W_mRNA,0,NA,NA,NA,0,NA,NA,NA
YDR408C_mRNA,0,NA,NA,NA,0,NA,NA,NA
YDR412W_mRNA,0,NA,NA,NA,1,63,71,TTTTTTTTT
YDR415C_mRNA,0,NA,NA,NA,0,NA,NA,NA
YDR416W_mRNA,0,NA,NA,NA,0,NA,NA,NA
YDR418W_mRNA,0,NA,NA,NA,1,111,119,TTTTTTTTT
YDR427W_mRNA,0,NA,NA,NA,0,NA,NA,NA
YDR429C_mRNA,0,NA,NA,NA,0,NA,NA,NA
YDR434W_mRNA,0,NA,NA,NA,0,NA,NA,NA
YDR435C_mRNA,0,NA,NA,NA,0,NA,NA,NA
YDR440W_mRNA,0,NA,NA,NA,0,NA,NA,NA
YDR447C_mRNA,0,NA,NA,NA,0,NA,NA,NA
YDR449C_mRNA,0,NA,NA,NA,0,NA,NA,NA
YDR450W_mRNA,0,NA,NA,NA,1,75,82,TTTTTTTT
YDR451C_mRNA,0,NA,NA,NA,1,90,98,TTTTTTTTT
YDR452W_mRNA,2,91,97,TTTTTTT,0,NA,NA,NA
YDR453C_mRNA,0,NA,NA,NA,0,NA,NA,NA
YDR454C_mRNA,0,NA,NA,NA,0,NA,NA,NA
YDR456W_mRNA,0,NA,NA,NA,0,NA,NA,NA
YDR458C_mRNA,0,NA,NA,NA,0,NA,NA,NA
YDR461C-A_mRNA,0,NA,NA,NA,0,NA,NA,NA
YDR461W_mRNA,0,NA,NA,NA,0,NA,NA,NA
YDR462W_mRNA,0,NA,NA,NA,0,NA,NA,NA
YDR463W_mRNA,0,NA,NA,NA,0,NA,NA,NA
YDR465C_mRNA,0,NA,NA,NA,0,NA,NA,NA
YDR466W_mRNA,0,NA,NA,NA,0,NA,NA,NA
YDR469W_mRNA,0,NA,NA,NA,0,NA,NA,NA
YDR471W_mRNA,0,NA,NA,NA,0,NA,NA,NA
YDR472W_mRNA,0,NA,NA,NA,0,NA,NA,NA
YDR476C_mRNA,0,NA,NA,NA,0,NA,NA,NA
YDR477W_mRNA,1,244,252,TTTTTTTTT,1,38,45,TTTTTTTT
YDR478W_mRNA,0,NA,NA,NA,0,NA,NA,NA
YDR479C_mRNA,0,NA,NA,NA,0,NA,NA,NA
YDR483W_mRNA,0,NA,NA,NA,1,124,131,TTTTTTTT
YDR486C_mRNA,0,NA,NA,NA,0,NA,NA,NA
YDR487C_mRNA,0,NA,NA,NA,0,NA,NA,NA
YDR493W_mRNA,0,NA,NA,NA,0,NA,NA,NA
YDR494W_mRNA,0,NA,NA,NA,0,NA,NA,NA
YDR496C_mRNA,0,NA,NA,NA,0,NA,NA,NA
YDR497C_mRNA,0,NA,NA,NA,0,NA,NA,NA
YDR498C_mRNA,0,NA,NA,NA,0,NA,NA,NA
YDR500C_mRNA,0,NA,NA,NA,0,NA,NA,NA
YDR503C_mRNA,0,NA,NA,NA,0,NA,NA,NA
YDR508C_mRNA,0,NA,NA,NA,0,NA,NA,NA
YDR510W_mRNA,0,NA,NA,NA,0,NA,NA,NA
YDR511W_mRNA,0,NA,NA,NA,0,NA,NA,NA
YDR513W_mRNA,0,NA,NA,NA,0,NA,NA,NA
YDR514C_mRNA,0,NA,NA,NA,0,NA,NA,NA
YDR515W_mRNA,1,97,103,TTTTTTT,1,16,32,TTTTTTTTTTTTTTTTT
YDR516C_mRNA,0,NA,NA,NA,0,NA,NA,NA
YDR517W_mRNA,0,NA,NA,NA,0,NA,NA,NA
YDR518W_mRNA,0,NA,NA,NA,0,NA,NA,NA
YDR519W_mRNA,0,NA,NA,NA,1,64,71,TTTTTTTT
YDR525W-A_mRNA,0,NA,NA,NA,2,73,81,TTTTTTTTT
YDR528W_mRNA,1,262,268,TTTTTTT,0,NA,NA,NA
YDR529C_mRNA,0,NA,NA,NA,0,NA,NA,NA
YDR531W_mRNA,0,NA,NA,NA,1,15,23,TTTTTTTTT
YDR533C_mRNA,0,NA,NA,NA,0,NA,NA,NA
YEL002C_mRNA,0,NA,NA,NA,0,NA,NA,NA
YEL003W_mRNA,0,NA,NA,NA,0,NA,NA,NA
YEL005C_mRNA,0,NA,NA,NA,0,NA,NA,NA
YEL006W_mRNA,0,NA,NA,NA,0,NA,NA,NA
YEL009C_mRNA,2,371,377,TTTTTTT,0,NA,NA,NA
YEL011W_mRNA,0,NA,NA,NA,1,45,51,TTTTTTT
YEL012W_mRNA,0,NA,NA,NA,0,NA,NA,NA
YEL015W_mRNA,0,NA,NA,NA,0,NA,NA,NA
YEL016C_mRNA,0,NA,NA,NA,0,NA,NA,NA
YEL017C-A_mRNA,0,NA,NA,NA,3,57,72,TTTTTTTTTTTTTTTT
YEL017W_mRNA,0,NA,NA,NA,0,NA,NA,NA
YEL018W_mRNA,0,NA,NA,NA,0,NA,NA,NA
YEL020W-A_mRNA,0,NA,NA,NA,0,NA,NA,NA
YEL021W_mRNA,0,NA,NA,NA,0,NA,NA,NA
YEL022W_mRNA,0,NA,NA,NA,0,NA,NA,NA
YEL024W_mRNA,0,NA,NA,NA,0,NA,NA,NA
YEL026W_mRNA,0,NA,NA,NA,0,NA,NA,NA
YEL027W_mRNA,0,NA,NA,NA,0,NA,NA,NA
YEL031W_mRNA,0,NA,NA,NA,0,NA,NA,NA
YEL036C_mRNA,1,89,95,TTTTTTT,0,NA,NA,NA
YEL038W_mRNA,0,NA,NA,NA,0,NA,NA,NA
YEL039C_mRNA,0,NA,NA,NA,0,NA,NA,NA
YEL040W_mRNA,0,NA,NA,NA,0,NA,NA,NA
YEL042W_mRNA,0,NA,NA,NA,0,NA,NA,NA
YEL044W_mRNA,1,585,591,TTTTTTT,0,NA,NA,NA
YEL050C_mRNA,0,NA,NA,NA,0,NA,NA,NA
YEL051W_mRNA,0,NA,NA,NA,0,NA,NA,NA
YEL052W_mRNA,0,NA,NA,NA,0,NA,NA,NA
YEL054C_mRNA,0,NA,NA,NA,1,37,43,TTTTTTT
YEL057C_mRNA,0,NA,NA,NA,0,NA,NA,NA
YEL058W_mRNA,0,NA,NA,NA,0,NA,NA,NA
YEL059C-A_mRNA,0,NA,NA,NA,0,NA,NA,NA
YEL064C_mRNA,0,NA,NA,NA,0,NA,NA,NA
YEL065W_mRNA,0,NA,NA,NA,0,NA,NA,NA
YEL071W_mRNA,0,NA,NA,NA,0,NA,NA,NA
YER001W_mRNA,0,NA,NA,NA,1,250,257,TTTTTTTT
YER002W_mRNA,0,NA,NA,NA,0,NA,NA,NA
YER003C_mRNA,0,NA,NA,NA,0,NA,NA,NA
YER004W_mRNA,0,NA,NA,NA,1,116,122,TTTTTTT
YER006W_mRNA,0,NA,NA,NA,0,NA,NA,NA
YER007C-A_mRNA,0,NA,NA,NA,0,NA,NA,NA
YER009W_mRNA,0,NA,NA,NA,0,NA,NA,NA
YER012W_mRNA,0,NA,NA,NA,0,NA,NA,NA
YER015W_mRNA,0,NA,NA,NA,1,240,246,TTTTTTT
YER019C-A_mRNA,1,224,234,TTTTTTTTTTT,1,13,19,TTTTTTT
YER023W_mRNA,0,NA,NA,NA,1,52,58,TTTTTTT
YER025W_mRNA,0,NA,NA,NA,1,182,190,TTTTTTTTT
YER026C_mRNA,1,8,14,TTTTTTT,0,NA,NA,NA
YER027C_mRNA,0,NA,NA,NA,0,NA,NA,NA
YER029C_mRNA,0,NA,NA,NA,1,41,47,TTTTTTT
YER030W_mRNA,0,NA,NA,NA,0,NA,NA,NA
YER031C_mRNA,0,NA,NA,NA,0,NA,NA,NA
YER036C_mRNA,0,NA,NA,NA,0,NA,NA,NA
YER037W_mRNA,0,NA,NA,NA,0,NA,NA,NA
YER040W_mRNA,0,NA,NA,NA,0,NA,NA,NA
YER043C_mRNA,0,NA,NA,NA,0,NA,NA,NA
YER044C_mRNA,0,NA,NA,NA,0,NA,NA,NA
YER045C_mRNA,2,171,182,TTTTTTTTTTTT,0,NA,NA,NA
YER048C_mRNA,0,NA,NA,NA,0,NA,NA,NA
YER048W-A_mRNA,0,NA,NA,NA,0,NA,NA,NA
YER050C_mRNA,0,NA,NA,NA,0,NA,NA,NA
YER052C_mRNA,1,66,73,TTTTTTTT,0,NA,NA,NA
YER053C_mRNA,0,NA,NA,NA,0,NA,NA,NA
YER053C-A_mRNA,0,NA,NA,NA,0,NA,NA,NA
YER056C_mRNA,0,NA,NA,NA,0,NA,NA,NA
YER056C-A_mRNA,0,NA,NA,NA,0,NA,NA,NA
YER057C_mRNA,0,NA,NA,NA,0,NA,NA,NA
YER058W_mRNA,0,NA,NA,NA,0,NA,NA,NA
YER059W_mRNA,1,112,123,TTTTTTTTTTTT,0,NA,NA,NA
YER062C_mRNA,0,NA,NA,NA,0,NA,NA,NA
YER063W_mRNA,1,48,54,TTTTTTT,0,NA,NA,NA
YER064C_mRNA,0,NA,NA,NA,0,NA,NA,NA
YER067W_mRNA,0,NA,NA,NA,1,105,112,TTTTTTTT
YER069W_mRNA,0,NA,NA,NA,0,NA,NA,NA
YER070W_mRNA,0,NA,NA,NA,0,NA,NA,NA
YER071C_mRNA,0,NA,NA,NA,1,149,155,TTTTTTT
YER072W_mRNA,0,NA,NA,NA,0,NA,NA,NA
YER074W_mRNA,0,NA,NA,NA,0,NA,NA,NA
YER074W-A_mRNA,0,NA,NA,NA,1,62,70,TTTTTTTTT
YER075C_mRNA,0,NA,NA,NA,0,NA,NA,NA
YER080W_mRNA,0,NA,NA,NA,1,24,30,TTTTTTT
YER082C_mRNA,0,NA,NA,NA,0,NA,NA,NA
YER086W_mRNA,0,NA,NA,NA,0,NA,NA,NA
YER087W_mRNA,1,44,50,TTTTTTT,0,NA,NA,NA
YER090W_mRNA,0,NA,NA,NA,1,19,25,TTTTTTT
YER092W_mRNA,0,NA,NA,NA,0,NA,NA,NA
YER094C_mRNA,0,NA,NA,NA,0,NA,NA,NA
YER095W_mRNA,0,NA,NA,NA,1,166,173,TTTTTTTT
YER099C_mRNA,0,NA,NA,NA,0,NA,NA,NA
YER100W_mRNA,0,NA,NA,NA,0,NA,NA,NA
YER102W_mRNA,0,NA,NA,NA,0,NA,NA,NA
YER103W_mRNA,0,NA,NA,NA,0,NA,NA,NA
YER104W_mRNA,0,NA,NA,NA,0,NA,NA,NA
YER110C_mRNA,0,NA,NA,NA,2,4,10,TTTTTTT
YER112W_mRNA,0,NA,NA,NA,0,NA,NA,NA
YER115C_mRNA,0,NA,NA,NA,0,NA,NA,NA
YER117W_mRNA,0,NA,NA,NA,0,NA,NA,NA
YER118C_mRNA,0,NA,NA,NA,0,NA,NA,NA
YER120W_mRNA,0,NA,NA,NA,1,110,116,TTTTTTT
YER121W_mRNA,0,NA,NA,NA,0,NA,NA,NA
YER122C_mRNA,0,NA,NA,NA,1,27,38,TTTTTTTTTTTT
YER123W_mRNA,0,NA,NA,NA,2,35,45,TTTTTTTTTTT
YER124C_mRNA,0,NA,NA,NA,1,206,217,TTTTTTTTTTTT
YER125W_mRNA,0,NA,NA,NA,3,18,27,TTTTTTTTTT
YER126C_mRNA,0,NA,NA,NA,1,20,33,TTTTTTTTTTTTTT
YER127W_mRNA,0,NA,NA,NA,0,NA,NA,NA
YER128W_mRNA,0,NA,NA,NA,0,NA,NA,NA
YER131W_mRNA,0,NA,NA,NA,1,57,64,TTTTTTTT
YER133W_mRNA,0,NA,NA,NA,0,NA,NA,NA
YER136W_mRNA,0,NA,NA,NA,1,186,196,TTTTTTTTTTT
YER143W_mRNA,0,NA,NA,NA,0,NA,NA,NA
YER145C_mRNA,0,NA,NA,NA,0,NA,NA,NA
YER146W_mRNA,0,NA,NA,NA,1,89,95,TTTTTTT
YER148W_mRNA,1,40,47,TTTTTTTT,0,NA,NA,NA
YER150W_mRNA,0,NA,NA,NA,0,NA,NA,NA
YER151C_mRNA,0,NA,NA,NA,0,NA,NA,NA
YER154W_mRNA,0,NA,NA,NA,0,NA,NA,NA
YER156C_mRNA,0,NA,NA,NA,0,NA,NA,NA
YER159C_mRNA,0,NA,NA,NA,0,NA,NA,NA
YER162C_mRNA,0,NA,NA,NA,0,NA,NA,NA
YER165W_mRNA,0,NA,NA,NA,3,49,56,TTTTTTTT
YER168C_mRNA,1,33,39,TTTTTTT,0,NA,NA,NA
YER170W_mRNA,0,NA,NA,NA,0,NA,NA,NA
YER175C_mRNA,0,NA,NA,NA,0,NA,NA,NA
YER177W_mRNA,0,NA,NA,NA,0,NA,NA,NA
YER178W_mRNA,0,NA,NA,NA,0,NA,NA,NA
YER182W_mRNA,0,NA,NA,NA,0,NA,NA,NA
YER183C_mRNA,0,NA,NA,NA,0,NA,NA,NA
YFL001W_mRNA,0,NA,NA,NA,0,NA,NA,NA
YFL002C_mRNA,0,NA,NA,NA,0,NA,NA,NA
YFL004W_mRNA,0,NA,NA,NA,0,NA,NA,NA
YFL005W_mRNA,1,86,95,TTTTTTTTTT,1,138,144,TTTTTTT
YFL008W_mRNA,0,NA,NA,NA,0,NA,NA,NA
YFL009W_mRNA,0,NA,NA,NA,0,NA,NA,NA
YFL010C_mRNA,0,NA,NA,NA,0,NA,NA,NA
YFL012W_mRNA,0,NA,NA,NA,0,NA,NA,NA
YFL014W_mRNA,0,NA,NA,NA,1,182,188,TTTTTTT
YFL016C_mRNA,0,NA,NA,NA,0,NA,NA,NA
YFL017C_mRNA,0,NA,NA,NA,0,NA,NA,NA
YFL017W-A_mRNA,0,NA,NA,NA,0,NA,NA,NA
YFL018C_mRNA,0,NA,NA,NA,0,NA,NA,NA
YFL022C_mRNA,0,NA,NA,NA,0,NA,NA,NA
YFL023W_mRNA,0,NA,NA,NA,0,NA,NA,NA
YFL027C_mRNA,0,NA,NA,NA,0,NA,NA,NA
YFL028C_mRNA,0,NA,NA,NA,0,NA,NA,NA
YFL030W_mRNA,0,NA,NA,NA,0,NA,NA,NA
YFL034C-A_mRNA,0,NA,NA,NA,0,NA,NA,NA
YFL034C-B_mRNA,0,NA,NA,NA,0,NA,NA,NA
YFL037W_mRNA,0,NA,NA,NA,0,NA,NA,NA
YFL038C_mRNA,0,NA,NA,NA,0,NA,NA,NA
YFL039C_mRNA,1,21,27,TTTTTTT,0,NA,NA,NA
YFL041W_mRNA,0,NA,NA,NA,1,168,176,TTTTTTTTT
YFL042C_mRNA,0,NA,NA,NA,0,NA,NA,NA
YFL044C_mRNA,0,NA,NA,NA,0,NA,NA,NA
YFL045C_mRNA,0,NA,NA,NA,0,NA,NA,NA
YFL046W_mRNA,0,NA,NA,NA,0,NA,NA,NA
YFL048C_mRNA,0,NA,NA,NA,0,NA,NA,NA
YFL049W_mRNA,0,NA,NA,NA,0,NA,NA,NA
YFL068W_mRNA,0,NA,NA,NA,0,NA,NA,NA
YFR001W_mRNA,0,NA,NA,NA,0,NA,NA,NA
YFR002W_mRNA,0,NA,NA,NA,1,4,10,TTTTTTT
YFR003C_mRNA,0,NA,NA,NA,0,NA,NA,NA
YFR004W_mRNA,0,NA,NA,NA,0,NA,NA,NA
YFR006W_mRNA,0,NA,NA,NA,2,12,19,TTTTTTTT
YFR007W_mRNA,0,NA,NA,NA,0,NA,NA,NA
YFR011C_mRNA,0,NA,NA,NA,0,NA,NA,NA
YFR013W_mRNA,0,NA,NA,NA,0,NA,NA,NA
YFR014C_mRNA,0,NA,NA,NA,1,118,127,TTTTTTTTTT
YFR015C_mRNA,0,NA,NA,NA,0,NA,NA,NA
YFR016C_mRNA,0,NA,NA,NA,0,NA,NA,NA
YFR017C_mRNA,0,NA,NA,NA,1,81,87,TTTTTTT
YFR021W_mRNA,0,NA,NA,NA,0,NA,NA,NA
YFR024C-A_mRNA,0,NA,NA,NA,0,NA,NA,NA
YFR025C_mRNA,0,NA,NA,NA,0,NA,NA,NA
YFR026C_mRNA,1,300,308,TTTTTTTTT,0,NA,NA,NA
YFR030W_mRNA,1,74,80,TTTTTTT,0,NA,NA,NA
YFR031C-A_mRNA,0,NA,NA,NA,0,NA,NA,NA
YFR033C_mRNA,0,NA,NA,NA,0,NA,NA,NA
YFR036W_mRNA,0,NA,NA,NA,0,NA,NA,NA
YFR037C_mRNA,0,NA,NA,NA,0,NA,NA,NA
YFR038W_mRNA,0,NA,NA,NA,0,NA,NA,NA
YFR042W_mRNA,0,NA,NA,NA,0,NA,NA,NA
YFR045W_mRNA,0,NA,NA,NA,0,NA,NA,NA
YFR048W_mRNA,0,NA,NA,NA,0,NA,NA,NA
YFR049W_mRNA,0,NA,NA,NA,1,28,36,TTTTTTTTT
YFR050C_mRNA,0,NA,NA,NA,0,NA,NA,NA
YFR051C_mRNA,0,NA,NA,NA,0,NA,NA,NA
YFR052W_mRNA,0,NA,NA,NA,0,NA,NA,NA
YFR055W_mRNA,0,NA,NA,NA,2,146,153,TTTTTTTT
YGL002W_mRNA,0,NA,NA,NA,0,NA,NA,NA
YGL008C_mRNA,2,46,54,TTTTTTTTT,2,92,98,TTTTTTT
YGL009C_mRNA,0,NA,NA,NA,0,NA,NA,NA
YGL010W_mRNA,0,NA,NA,NA,0,NA,NA,NA
YGL011C_mRNA,0,NA,NA,NA,0,NA,NA,NA
YGL012W_mRNA,0,NA,NA,NA,0,NA,NA,NA
YGL017W_mRNA,0,NA,NA,NA,0,NA,NA,NA
YGL018C_mRNA,0,NA,NA,NA,0,NA,NA,NA
YGL019W_mRNA,0,NA,NA,NA,0,NA,NA,NA
YGL020C_mRNA,0,NA,NA,NA,0,NA,NA,NA
YGL022W_mRNA,0,NA,NA,NA,0,NA,NA,NA
YGL028C_mRNA,0,NA,NA,NA,0,NA,NA,NA
YGL030W_mRNA,0,NA,NA,NA,0,NA,NA,NA
YGL031C_mRNA,0,NA,NA,NA,0,NA,NA,NA
YGL032C_mRNA,0,NA,NA,NA,0,NA,NA,NA
YGL037C_mRNA,0,NA,NA,NA,0,NA,NA,NA
YGL038C_mRNA,0,NA,NA,NA,0,NA,NA,NA
YGL039W_mRNA,1,95,102,TTTTTTTT,0,NA,NA,NA
YGL040C_mRNA,0,NA,NA,NA,0,NA,NA,NA
YGL041W-A_mRNA,0,NA,NA,NA,0,NA,NA,NA
YGL043W_mRNA,0,NA,NA,NA,1,209,216,TTTTTTTT
YGL045W_mRNA,0,NA,NA,NA,0,NA,NA,NA
YGL047W_mRNA,0,NA,NA,NA,0,NA,NA,NA
YGL048C_mRNA,0,NA,NA,NA,0,NA,NA,NA
YGL049C_mRNA,0,NA,NA,NA,0,NA,NA,NA
YGL054C_mRNA,0,NA,NA,NA,0,NA,NA,NA
YGL055W_mRNA,0,NA,NA,NA,3,87,97,TTTTTTTTTTT
YGL058W_mRNA,0,NA,NA,NA,0,NA,NA,NA
YGL059W_mRNA,0,NA,NA,NA,0,NA,NA,NA
YGL060W_mRNA,0,NA,NA,NA,0,NA,NA,NA
YGL061C_mRNA,0,NA,NA,NA,1,116,126,TTTTTTTTTTT
YGL065C_mRNA,0,NA,NA,NA,0,NA,NA,NA
YGL067W_mRNA,1,46,54,TTTTTTTTT,0,NA,NA,NA
YGL068W_mRNA,0,NA,NA,NA,0,NA,NA,NA
YGL076C_mRNA,0,NA,NA,NA,0,NA,NA,NA
YGL078C_mRNA,0,NA,NA,NA,0,NA,NA,NA
YGL079W_mRNA,0,NA,NA,NA,1,18,25,TTTTTTTT
YGL080W_mRNA,0,NA,NA,NA,0,NA,NA,NA
YGL082W_mRNA,0,NA,NA,NA,2,49,56,TTTTTTTT
YGL083W_mRNA,0,NA,NA,NA,0,NA,NA,NA
YGL084C_mRNA,0,NA,NA,NA,0,NA,NA,NA
YGL087C_mRNA,0,NA,NA,NA,0,NA,NA,NA
YGL093W_mRNA,0,NA,NA,NA,0,NA,NA,NA
YGL095C_mRNA,0,NA,NA,NA,0,NA,NA,NA
YGL097W_mRNA,0,NA,NA,NA,0,NA,NA,NA
YGL099W_mRNA,0,NA,NA,NA,0,NA,NA,NA
YGL100W_mRNA,0,NA,NA,NA,0,NA,NA,NA
YGL101W_mRNA,0,NA,NA,NA,1,35,42,TTTTTTTT
YGL103W_mRNA,1,3,9,TTTTTTT,0,NA,NA,NA
YGL104C_mRNA,0,NA,NA,NA,0,NA,NA,NA
YGL105W_mRNA,0,NA,NA,NA,0,NA,NA,NA
YGL106W_mRNA,0,NA,NA,NA,0,NA,NA,NA
YGL107C_mRNA,0,NA,NA,NA,0,NA,NA,NA
YGL111W_mRNA,0,NA,NA,NA,0,NA,NA,NA
YGL112C_mRNA,0,NA,NA,NA,0,NA,NA,NA
YGL113W_mRNA,0,NA,NA,NA,0,NA,NA,NA
YGL115W_mRNA,0,NA,NA,NA,0,NA,NA,NA
YGL116W_mRNA,0,NA,NA,NA,0,NA,NA,NA
YGL117W_mRNA,0,NA,NA,NA,0,NA,NA,NA
YGL119W_mRNA,0,NA,NA,NA,1,55,61,TTTTTTT
YGL120C_mRNA,0,NA,NA,NA,0,NA,NA,NA
YGL123W_mRNA,0,NA,NA,NA,0,NA,NA,NA
YGL130W_mRNA,0,NA,NA,NA,0,NA,NA,NA
YGL134W_mRNA,0,NA,NA,NA,0,NA,NA,NA
YGL135W_mRNA,0,NA,NA,NA,0,NA,NA,NA
YGL137W_mRNA,0,NA,NA,NA,0,NA,NA,NA
YGL142C_mRNA,0,NA,NA,NA,0,NA,NA,NA
YGL145W_mRNA,0,NA,NA,NA,0,NA,NA,NA
YGL147C_mRNA,0,NA,NA,NA,0,NA,NA,NA
YGL148W_mRNA,0,NA,NA,NA,0,NA,NA,NA
YGL151W_mRNA,0,NA,NA,NA,0,NA,NA,NA
YGL155W_mRNA,0,NA,NA,NA,0,NA,NA,NA
YGL157W_mRNA,0,NA,NA,NA,2,22,29,TTTTTTTT
YGL160W_mRNA,0,NA,NA,NA,0,NA,NA,NA
YGL161C_mRNA,0,NA,NA,NA,0,NA,NA,NA
YGL162W_mRNA,1,78,84,TTTTTTT,0,NA,NA,NA
YGL166W_mRNA,0,NA,NA,NA,0,NA,NA,NA
YGL169W_mRNA,1,4,13,TTTTTTTTTT,0,NA,NA,NA
YGL171W_mRNA,0,NA,NA,NA,1,49,56,TTTTTTTT
YGL172W_mRNA,0,NA,NA,NA,0,NA,NA,NA
YGL181W_mRNA,0,NA,NA,NA,0,NA,NA,NA
YGL186C_mRNA,0,NA,NA,NA,0,NA,NA,NA
YGL191W_mRNA,0,NA,NA,NA,0,NA,NA,NA
YGL192W_mRNA,0,NA,NA,NA,0,NA,NA,NA
YGL194C-A_mRNA,0,NA,NA,NA,0,NA,NA,NA
YGL196W_mRNA,0,NA,NA,NA,0,NA,NA,NA
YGL198W_mRNA,0,NA,NA,NA,0,NA,NA,NA
YGL200C_mRNA,0,NA,NA,NA,0,NA,NA,NA
YGL201C_mRNA,1,59,65,TTTTTTT,0,NA,NA,NA
YGL202W_mRNA,0,NA,NA,NA,0,NA,NA,NA
YGL203C_mRNA,0,NA,NA,NA,0,NA,NA,NA
YGL207W_mRNA,0,NA,NA,NA,0,NA,NA,NA
YGL210W_mRNA,0,NA,NA,NA,0,NA,NA,NA
YGL213C_mRNA,0,NA,NA,NA,1,162,168,TTTTTTT
YGL215W_mRNA,3,384,393,TTTTTTTTTT,2,11,18,TTTTTTTT
YGL216W_mRNA,1,141,153,TTTTTTTTTTTTT,0,NA,NA,NA
YGL219C_mRNA,0,NA,NA,NA,0,NA,NA,NA
YGL221C_mRNA,0,NA,NA,NA,0,NA,NA,NA
YGL225W_mRNA,0,NA,NA,NA,1,27,38,TTTTTTTTTTTT
YGL226C-A_mRNA,0,NA,NA,NA,0,NA,NA,NA
YGL226W_mRNA,0,NA,NA,NA,0,NA,NA,NA
YGL228W_mRNA,0,NA,NA,NA,0,NA,NA,NA
YGL232W_mRNA,0,NA,NA,NA,0,NA,NA,NA
YGL233W_mRNA,0,NA,NA,NA,0,NA,NA,NA
YGL234W_mRNA,0,NA,NA,NA,0,NA,NA,NA
YGL236C_mRNA,0,NA,NA,NA,0,NA,NA,NA
YGL238W_mRNA,0,NA,NA,NA,0,NA,NA,NA
YGL242C_mRNA,1,55,61,TTTTTTT,0,NA,NA,NA
YGL245W_mRNA,0,NA,NA,NA,0,NA,NA,NA
YGL252C_mRNA,0,NA,NA,NA,0,NA,NA,NA
YGL253W_mRNA,0,NA,NA,NA,1,79,87,TTTTTTTTT
YGL255W_mRNA,0,NA,NA,NA,0,NA,NA,NA
YGL256W_mRNA,0,NA,NA,NA,1,102,108,TTTTTTT
YGR002C_mRNA,0,NA,NA,NA,0,NA,NA,NA
YGR008C_mRNA,0,NA,NA,NA,0,NA,NA,NA
YGR009C_mRNA,0,NA,NA,NA,0,NA,NA,NA
YGR012W_mRNA,0,NA,NA,NA,0,NA,NA,NA
YGR013W_mRNA,0,NA,NA,NA,1,152,158,TTTTTTT
YGR016W_mRNA,0,NA,NA,NA,0,NA,NA,NA
YGR017W_mRNA,0,NA,NA,NA,0,NA,NA,NA
YGR020C_mRNA,0,NA,NA,NA,1,146,155,TTTTTTTTTT
YGR021W_mRNA,0,NA,NA,NA,0,NA,NA,NA
YGR027C_mRNA,0,NA,NA,NA,0,NA,NA,NA
YGR028W_mRNA,0,NA,NA,NA,0,NA,NA,NA
YGR031W_mRNA,0,NA,NA,NA,0,NA,NA,NA
YGR033C_mRNA,0,NA,NA,NA,0,NA,NA,NA
YGR034W_mRNA,0,NA,NA,NA,0,NA,NA,NA
YGR035C_mRNA,0,NA,NA,NA,0,NA,NA,NA
YGR037C_mRNA,0,NA,NA,NA,0,NA,NA,NA
YGR038W_mRNA,0,NA,NA,NA,0,NA,NA,NA
YGR042W_mRNA,0,NA,NA,NA,0,NA,NA,NA
YGR046W_mRNA,0,NA,NA,NA,0,NA,NA,NA
YGR048W_mRNA,0,NA,NA,NA,0,NA,NA,NA
YGR049W_mRNA,0,NA,NA,NA,0,NA,NA,NA
YGR050C_mRNA,0,NA,NA,NA,1,39,46,TTTTTTTT
YGR053C_mRNA,0,NA,NA,NA,0,NA,NA,NA
YGR054W_mRNA,0,NA,NA,NA,2,120,126,TTTTTTT
YGR055W_mRNA,0,NA,NA,NA,0,NA,NA,NA
YGR060W_mRNA,0,NA,NA,NA,2,81,87,TTTTTTT
YGR063C_mRNA,0,NA,NA,NA,2,43,50,TTTTTTTT
YGR074W_mRNA,0,NA,NA,NA,0,NA,NA,NA
YGR076C_mRNA,0,NA,NA,NA,0,NA,NA,NA
YGR077C_mRNA,0,NA,NA,NA,0,NA,NA,NA
YGR081C_mRNA,0,NA,NA,NA,0,NA,NA,NA
YGR082W_mRNA,0,NA,NA,NA,1,22,28,TTTTTTT
YGR085C_mRNA,0,NA,NA,NA,0,NA,NA,NA
YGR086C_mRNA,0,NA,NA,NA,2,153,162,TTTTTTTTTT
YGR088W_mRNA,0,NA,NA,NA,0,NA,NA,NA
YGR093W_mRNA,0,NA,NA,NA,0,NA,NA,NA
YGR095C_mRNA,0,NA,NA,NA,0,NA,NA,NA
YGR100W_mRNA,0,NA,NA,NA,0,NA,NA,NA
YGR101W_mRNA,0,NA,NA,NA,0,NA,NA,NA
YGR102C_mRNA,0,NA,NA,NA,0,NA,NA,NA
YGR103W_mRNA,0,NA,NA,NA,0,NA,NA,NA
YGR104C_mRNA,0,NA,NA,NA,0,NA,NA,NA
YGR105W_mRNA,0,NA,NA,NA,1,167,175,TTTTTTTTT
YGR106C_mRNA,0,NA,NA,NA,0,NA,NA,NA
YGR108W_mRNA,0,NA,NA,NA,0,NA,NA,NA
YGR110W_mRNA,0,NA,NA,NA,0,NA,NA,NA
YGR111W_mRNA,0,NA,NA,NA,0,NA,NA,NA
YGR112W_mRNA,0,NA,NA,NA,0,NA,NA,NA
YGR113W_mRNA,0,NA,NA,NA,0,NA,NA,NA
YGR116W_mRNA,0,NA,NA,NA,0,NA,NA,NA
YGR118W_mRNA,0,NA,NA,NA,1,337,343,TTTTTTT
YGR123C_mRNA,0,NA,NA,NA,1,97,111,TTTTTTTTTTTTTTT
YGR124W_mRNA,0,NA,NA,NA,0,NA,NA,NA
YGR128C_mRNA,0,NA,NA,NA,0,NA,NA,NA
YGR130C_mRNA,0,NA,NA,NA,0,NA,NA,NA
YGR135W_mRNA,0,NA,NA,NA,0,NA,NA,NA
YGR141W_mRNA,0,NA,NA,NA,1,92,98,TTTTTTT
YGR142W_mRNA,0,NA,NA,NA,0,NA,NA,NA
YGR145W_mRNA,0,NA,NA,NA,0,NA,NA,NA
YGR146C_mRNA,1,201,207,TTTTTTT,0,NA,NA,NA
YGR147C_mRNA,0,NA,NA,NA,0,NA,NA,NA
YGR148C_mRNA,0,NA,NA,NA,0,NA,NA,NA
YGR149W_mRNA,0,NA,NA,NA,0,NA,NA,NA
YGR155W_mRNA,0,NA,NA,NA,0,NA,NA,NA
YGR157W_mRNA,1,53,61,TTTTTTTTT,1,5,16,TTTTTTTTTTTT
YGR159C_mRNA,0,NA,NA,NA,0,NA,NA,NA
YGR161C_mRNA,0,NA,NA,NA,2,125,133,TTTTTTTTT
YGR161W-C_mRNA,0,NA,NA,NA,0,NA,NA,NA
YGR167W_mRNA,0,NA,NA,NA,0,NA,NA,NA
YGR169C_mRNA,0,NA,NA,NA,2,6,13,TTTTTTTT
YGR169C-A_mRNA,0,NA,NA,NA,1,390,396,TTTTTTT
YGR170W_mRNA,0,NA,NA,NA,0,NA,NA,NA
YGR171C_mRNA,0,NA,NA,NA,0,NA,NA,NA
YGR172C_mRNA,0,NA,NA,NA,0,NA,NA,NA
YGR173W_mRNA,0,NA,NA,NA,0,NA,NA,NA
YGR174W-A_mRNA,0,NA,NA,NA,1,36,42,TTTTTTT
YGR175C_mRNA,0,NA,NA,NA,1,56,65,TTTTTTTTTT
YGR178C_mRNA,0,NA,NA,NA,0,NA,NA,NA
YGR181W_mRNA,0,NA,NA,NA,0,NA,NA,NA
YGR185C_mRNA,0,NA,NA,NA,0,NA,NA,NA
YGR186W_mRNA,0,NA,NA,NA,0,NA,NA,NA
YGR189C_mRNA,0,NA,NA,NA,0,NA,NA,NA
YGR191W_mRNA,1,155,161,TTTTTTT,1,177,183,TTTTTTT
YGR192C_mRNA,1,9,16,TTTTTTTT,0,NA,NA,NA
YGR193C_mRNA,0,NA,NA,NA,0,NA,NA,NA
YGR195W_mRNA,0,NA,NA,NA,0,NA,NA,NA
YGR199W_mRNA,0,NA,NA,NA,0,NA,NA,NA
YGR200C_mRNA,0,NA,NA,NA,0,NA,NA,NA
YGR204W_mRNA,0,NA,NA,NA,1,47,53,TTTTTTT
YGR205W_mRNA,0,NA,NA,NA,2,17,25,TTTTTTTTT
YGR206W_mRNA,0,NA,NA,NA,1,44,52,TTTTTTTTT
YGR207C_mRNA,0,NA,NA,NA,0,NA,NA,NA
YGR208W_mRNA,0,NA,NA,NA,0,NA,NA,NA
YGR209C_mRNA,0,NA,NA,NA,0,NA,NA,NA
YGR210C_mRNA,0,NA,NA,NA,0,NA,NA,NA
YGR211W_mRNA,0,NA,NA,NA,0,NA,NA,NA
YGR214W_mRNA,0,NA,NA,NA,0,NA,NA,NA
YGR215W_mRNA,0,NA,NA,NA,0,NA,NA,NA
YGR220C_mRNA,0,NA,NA,NA,0,NA,NA,NA
YGR221C_mRNA,0,NA,NA,NA,0,NA,NA,NA
YGR222W_mRNA,0,NA,NA,NA,0,NA,NA,NA
YGR223C_mRNA,0,NA,NA,NA,0,NA,NA,NA
YGR230W_mRNA,1,5,13,TTTTTTTTT,1,34,40,TTTTTTT
YGR231C_mRNA,0,NA,NA,NA,0,NA,NA,NA
YGR232W_mRNA,0,NA,NA,NA,0,NA,NA,NA
YGR234W_mRNA,0,NA,NA,NA,0,NA,NA,NA
YGR235C_mRNA,0,NA,NA,NA,0,NA,NA,NA
YGR239C_mRNA,0,NA,NA,NA,0,NA,NA,NA
YGR240C_mRNA,0,NA,NA,NA,1,77,83,TTTTTTT
YGR243W_mRNA,0,NA,NA,NA,1,37,43,TTTTTTT
YGR244C_mRNA,1,18,24,TTTTTTT,1,126,133,TTTTTTTT
YGR248W_mRNA,0,NA,NA,NA,0,NA,NA,NA
YGR250C_mRNA,0,NA,NA,NA,1,37,44,TTTTTTTT
YGR251W_mRNA,0,NA,NA,NA,0,NA,NA,NA
YGR252W_mRNA,0,NA,NA,NA,0,NA,NA,NA
YGR253C_mRNA,0,NA,NA,NA,0,NA,NA,NA
YGR254W_mRNA,0,NA,NA,NA,1,39,45,TTTTTTT
YGR260W_mRNA,0,NA,NA,NA,1,27,33,TTTTTTT
YGR261C_mRNA,0,NA,NA,NA,0,NA,NA,NA
YGR262C_mRNA,0,NA,NA,NA,0,NA,NA,NA
YGR263C_mRNA,0,NA,NA,NA,0,NA,NA,NA
YGR267C_mRNA,0,NA,NA,NA,0,NA,NA,NA
YGR274C_mRNA,0,NA,NA,NA,0,NA,NA,NA
YGR278W_mRNA,0,NA,NA,NA,0,NA,NA,NA
YGR281W_mRNA,1,78,84,TTTTTTT,0,NA,NA,NA
YGR282C_mRNA,1,25,31,TTTTTTT,0,NA,NA,NA
YGR283C_mRNA,0,NA,NA,NA,0,NA,NA,NA
YGR284C_mRNA,0,NA,NA,NA,0,NA,NA,NA
YGR285C_mRNA,0,NA,NA,NA,0,NA,NA,NA
YGR286C_mRNA,1,7,13,TTTTTTT,0,NA,NA,NA
YHL001W_mRNA,0,NA,NA,NA,0,NA,NA,NA
YHL003C_mRNA,0,NA,NA,NA,0,NA,NA,NA
YHL004W_mRNA,0,NA,NA,NA,0,NA,NA,NA
YHL008C_mRNA,0,NA,NA,NA,1,106,112,TTTTTTT
YHL011C_mRNA,0,NA,NA,NA,0,NA,NA,NA
YHL019C_mRNA,0,NA,NA,NA,0,NA,NA,NA
YHL020C_mRNA,0,NA,NA,NA,0,NA,NA,NA
YHL025W_mRNA,0,NA,NA,NA,0,NA,NA,NA
YHL027W_mRNA,0,NA,NA,NA,0,NA,NA,NA
YHL028W_mRNA,0,NA,NA,NA,1,76,82,TTTTTTT
YHL029C_mRNA,0,NA,NA,NA,0,NA,NA,NA
YHL032C_mRNA,0,NA,NA,NA,0,NA,NA,NA
YHL033C_mRNA,0,NA,NA,NA,0,NA,NA,NA
YHL034C_mRNA,0,NA,NA,NA,0,NA,NA,NA
YHL036W_mRNA,0,NA,NA,NA,0,NA,NA,NA
YHL038C_mRNA,0,NA,NA,NA,0,NA,NA,NA
YHR001W_mRNA,0,NA,NA,NA,0,NA,NA,NA
YHR001W-A_mRNA,0,NA,NA,NA,1,99,107,TTTTTTTTT
YHR002W_mRNA,0,NA,NA,NA,0,NA,NA,NA
YHR003C_mRNA,0,NA,NA,NA,0,NA,NA,NA
YHR005C-A_mRNA,0,NA,NA,NA,0,NA,NA,NA
YHR006W_mRNA,0,NA,NA,NA,0,NA,NA,NA
YHR007C_mRNA,1,110,117,TTTTTTTT,0,NA,NA,NA
YHR009C_mRNA,1,64,83,TTTTTTTTTTTTTTTTTTTT,0,NA,NA,NA
YHR010W_mRNA,0,NA,NA,NA,0,NA,NA,NA
YHR011W_mRNA,0,NA,NA,NA,0,NA,NA,NA
YHR012W_mRNA,0,NA,NA,NA,0,NA,NA,NA
YHR013C_mRNA,0,NA,NA,NA,0,NA,NA,NA
YHR016C_mRNA,0,NA,NA,NA,1,42,50,TTTTTTTTT
YHR017W_mRNA,0,NA,NA,NA,0,NA,NA,NA
YHR018C_mRNA,0,NA,NA,NA,0,NA,NA,NA
YHR019C_mRNA,1,66,72,TTTTTTT,0,NA,NA,NA
YHR020W_mRNA,0,NA,NA,NA,0,NA,NA,NA
YHR021C_mRNA,0,NA,NA,NA,1,13,19,TTTTTTT
YHR024C_mRNA,0,NA,NA,NA,1,244,250,TTTTTTT
YHR025W_mRNA,0,NA,NA,NA,0,NA,NA,NA
YHR026W_mRNA,1,62,69,TTTTTTTT,0,NA,NA,NA
YHR028C_mRNA,0,NA,NA,NA,0,NA,NA,NA
YHR029C_mRNA,0,NA,NA,NA,0,NA,NA,NA
YHR030C_mRNA,0,NA,NA,NA,0,NA,NA,NA
YHR037W_mRNA,0,NA,NA,NA,1,104,110,TTTTTTT
YHR039C-A_mRNA,0,NA,NA,NA,0,NA,NA,NA
YHR040W_mRNA,0,NA,NA,NA,0,NA,NA,NA
YHR042W_mRNA,0,NA,NA,NA,0,NA,NA,NA
YHR043C_mRNA,0,NA,NA,NA,0,NA,NA,NA
YHR047C_mRNA,0,NA,NA,NA,1,5,14,TTTTTTTTTT
YHR049W_mRNA,0,NA,NA,NA,0,NA,NA,NA
YHR052W_mRNA,0,NA,NA,NA,1,35,41,TTTTTTT
YHR057C_mRNA,0,NA,NA,NA,0,NA,NA,NA
YHR058C_mRNA,0,NA,NA,NA,0,NA,NA,NA
YHR059W_mRNA,0,NA,NA,NA,0,NA,NA,NA
YHR060W_mRNA,0,NA,NA,NA,0,NA,NA,NA
YHR061C_mRNA,0,NA,NA,NA,1,144,154,TTTTTTTTTTT
YHR062C_mRNA,0,NA,NA,NA,0,NA,NA,NA
YHR064C_mRNA,0,NA,NA,NA,0,NA,NA,NA
YHR065C_mRNA,0,NA,NA,NA,0,NA,NA,NA
YHR066W_mRNA,0,NA,NA,NA,0,NA,NA,NA
YHR069C_mRNA,0,NA,NA,NA,0,NA,NA,NA
YHR072W_mRNA,0,NA,NA,NA,0,NA,NA,NA
YHR072W-A_mRNA,0,NA,NA,NA,0,NA,NA,NA
YHR074W_mRNA,1,31,37,TTTTTTT,0,NA,NA,NA
YHR076W_mRNA,0,NA,NA,NA,0,NA,NA,NA
YHR081W_mRNA,0,NA,NA,NA,0,NA,NA,NA
YHR083W_mRNA,0,NA,NA,NA,0,NA,NA,NA
YHR085W_mRNA,0,NA,NA,NA,0,NA,NA,NA
YHR088W_mRNA,0,NA,NA,NA,0,NA,NA,NA
YHR089C_mRNA,0,NA,NA,NA,0,NA,NA,NA
YHR092C_mRNA,0,NA,NA,NA,0,NA,NA,NA
YHR094C_mRNA,0,NA,NA,NA,0,NA,NA,NA
YHR100C_mRNA,0,NA,NA,NA,0,NA,NA,NA
YHR102W_mRNA,0,NA,NA,NA,0,NA,NA,NA
YHR104W_mRNA,0,NA,NA,NA,0,NA,NA,NA
YHR107C_mRNA,0,NA,NA,NA,0,NA,NA,NA
YHR108W_mRNA,0,NA,NA,NA,0,NA,NA,NA
YHR109W_mRNA,0,NA,NA,NA,0,NA,NA,NA
YHR110W_mRNA,0,NA,NA,NA,0,NA,NA,NA
YHR112C_mRNA,1,354,360,TTTTTTT,0,NA,NA,NA
YHR113W_mRNA,0,NA,NA,NA,0,NA,NA,NA
YHR118C_mRNA,0,NA,NA,NA,0,NA,NA,NA
YHR120W_mRNA,0,NA,NA,NA,0,NA,NA,NA
YHR121W_mRNA,0,NA,NA,NA,0,NA,NA,NA
YHR122W_mRNA,0,NA,NA,NA,0,NA,NA,NA
YHR127W_mRNA,0,NA,NA,NA,1,60,66,TTTTTTT
YHR128W_mRNA,0,NA,NA,NA,1,159,165,TTTTTTT
YHR129C_mRNA,0,NA,NA,NA,0,NA,NA,NA
YHR132C_mRNA,0,NA,NA,NA,0,NA,NA,NA
YHR132W-A_mRNA,0,NA,NA,NA,1,35,43,TTTTTTTTT
YHR135C_mRNA,0,NA,NA,NA,0,NA,NA,NA
YHR137W_mRNA,0,NA,NA,NA,0,NA,NA,NA
YHR138C_mRNA,0,NA,NA,NA,0,NA,NA,NA
YHR141C_mRNA,0,NA,NA,NA,0,NA,NA,NA
YHR142W_mRNA,0,NA,NA,NA,0,NA,NA,NA
YHR143W_mRNA,0,NA,NA,NA,1,158,164,TTTTTTT
YHR143W-A_mRNA,0,NA,NA,NA,1,147,153,TTTTTTT
YHR144C_mRNA,0,NA,NA,NA,0,NA,NA,NA
YHR146W_mRNA,0,NA,NA,NA,0,NA,NA,NA
YHR147C_mRNA,0,NA,NA,NA,1,42,49,TTTTTTTT
YHR148W_mRNA,0,NA,NA,NA,0,NA,NA,NA
YHR149C_mRNA,0,NA,NA,NA,0,NA,NA,NA
YHR152W_mRNA,0,NA,NA,NA,1,109,118,TTTTTTTTTT
YHR156C_mRNA,0,NA,NA,NA,0,NA,NA,NA
YHR162W_mRNA,0,NA,NA,NA,0,NA,NA,NA
YHR163W_mRNA,0,NA,NA,NA,0,NA,NA,NA
YHR169W_mRNA,0,NA,NA,NA,0,NA,NA,NA
YHR170W_mRNA,0,NA,NA,NA,0,NA,NA,NA
YHR171W_mRNA,0,NA,NA,NA,0,NA,NA,NA
YHR174W_mRNA,0,NA,NA,NA,0,NA,NA,NA
YHR176W_mRNA,0,NA,NA,NA,0,NA,NA,NA
YHR179W_mRNA,0,NA,NA,NA,0,NA,NA,NA
YHR183W_mRNA,0,NA,NA,NA,0,NA,NA,NA
YHR187W_mRNA,0,NA,NA,NA,1,105,112,TTTTTTTT
YHR188C_mRNA,0,NA,NA,NA,0,NA,NA,NA
YHR190W_mRNA,0,NA,NA,NA,0,NA,NA,NA
YHR191C_mRNA,0,NA,NA,NA,0,NA,NA,NA
YHR192W_mRNA,0,NA,NA,NA,0,NA,NA,NA
YHR193C_mRNA,0,NA,NA,NA,0,NA,NA,NA
YHR194W_mRNA,0,NA,NA,NA,0,NA,NA,NA
YHR197W_mRNA,0,NA,NA,NA,0,NA,NA,NA
YHR198C_mRNA,0,NA,NA,NA,0,NA,NA,NA
YHR200W_mRNA,0,NA,NA,NA,0,NA,NA,NA
YHR203C_mRNA,0,NA,NA,NA,0,NA,NA,NA
YHR208W_mRNA,0,NA,NA,NA,0,NA,NA,NA
YHR216W_mRNA,0,NA,NA,NA,0,NA,NA,NA
YIL002W-A_mRNA,0,NA,NA,NA,0,NA,NA,NA
YIL003W_mRNA,0,NA,NA,NA,0,NA,NA,NA
YIL004C_mRNA,0,NA,NA,NA,0,NA,NA,NA
YIL007C_mRNA,0,NA,NA,NA,0,NA,NA,NA
YIL008W_mRNA,0,NA,NA,NA,1,139,146,TTTTTTTT
YIL009W_mRNA,0,NA,NA,NA,0,NA,NA,NA
YIL010W_mRNA,0,NA,NA,NA,0,NA,NA,NA
YIL014W_mRNA,0,NA,NA,NA,0,NA,NA,NA
YIL016W_mRNA,0,NA,NA,NA,0,NA,NA,NA
YIL018W_mRNA,0,NA,NA,NA,0,NA,NA,NA
YIL019W_mRNA,0,NA,NA,NA,0,NA,NA,NA
YIL021W_mRNA,0,NA,NA,NA,0,NA,NA,NA
YIL022W_mRNA,1,69,75,TTTTTTT,0,NA,NA,NA
YIL027C_mRNA,0,NA,NA,NA,0,NA,NA,NA
YIL030C_mRNA,1,9,15,TTTTTTT,0,NA,NA,NA
YIL033C_mRNA,0,NA,NA,NA,0,NA,NA,NA
YIL034C_mRNA,0,NA,NA,NA,0,NA,NA,NA
YIL036W_mRNA,0,NA,NA,NA,0,NA,NA,NA
YIL039W_mRNA,0,NA,NA,NA,0,NA,NA,NA
YIL040W_mRNA,0,NA,NA,NA,1,85,92,TTTTTTTT
YIL041W_mRNA,0,NA,NA,NA,0,NA,NA,NA
YIL042C_mRNA,0,NA,NA,NA,0,NA,NA,NA
YIL043C_mRNA,0,NA,NA,NA,0,NA,NA,NA
YIL044C_mRNA,0,NA,NA,NA,2,122,131,TTTTTTTTTT
YIL045W_mRNA,0,NA,NA,NA,0,NA,NA,NA
YIL049W_mRNA,0,NA,NA,NA,0,NA,NA,NA
YIL050W_mRNA,0,NA,NA,NA,0,NA,NA,NA
YIL051C_mRNA,0,NA,NA,NA,0,NA,NA,NA
YIL052C_mRNA,0,NA,NA,NA,0,NA,NA,NA
YIL053W_mRNA,1,9,15,TTTTTTT,1,14,20,TTTTTTT
YIL056W_mRNA,0,NA,NA,NA,1,64,70,TTTTTTT
YIL057C_mRNA,0,NA,NA,NA,0,NA,NA,NA
YIL062C_mRNA,0,NA,NA,NA,0,NA,NA,NA
YIL063C_mRNA,0,NA,NA,NA,0,NA,NA,NA
YIL065C_mRNA,0,NA,NA,NA,0,NA,NA,NA
YIL067C_mRNA,0,NA,NA,NA,0,NA,NA,NA
YIL068C_mRNA,0,NA,NA,NA,0,NA,NA,NA
YIL069C_mRNA,0,NA,NA,NA,2,51,59,TTTTTTTTT
YIL070C_mRNA,0,NA,NA,NA,0,NA,NA,NA
YIL076W_mRNA,0,NA,NA,NA,0,NA,NA,NA
YIL078W_mRNA,0,NA,NA,NA,0,NA,NA,NA
YIL079C_mRNA,0,NA,NA,NA,2,17,23,TTTTTTT
YIL083C_mRNA,2,319,325,TTTTTTT,0,NA,NA,NA
YIL088C_mRNA,0,NA,NA,NA,0,NA,NA,NA
YIL090W_mRNA,0,NA,NA,NA,1,157,163,TTTTTTT
YIL091C_mRNA,0,NA,NA,NA,0,NA,NA,NA
YIL093C_mRNA,0,NA,NA,NA,0,NA,NA,NA
YIL095W_mRNA,0,NA,NA,NA,0,NA,NA,NA
YIL096C_mRNA,0,NA,NA,NA,0,NA,NA,NA
YIL097W_mRNA,0,NA,NA,NA,1,25,31,TTTTTTT
YIL098C_mRNA,0,NA,NA,NA,0,NA,NA,NA
YIL102C-A_mRNA,0,NA,NA,NA,0,NA,NA,NA
YIL103W_mRNA,0,NA,NA,NA,0,NA,NA,NA
YIL105C_mRNA,0,NA,NA,NA,0,NA,NA,NA
YIL106W_mRNA,2,51,57,TTTTTTT,0,NA,NA,NA
YIL108W_mRNA,0,NA,NA,NA,2,17,26,TTTTTTTTTT
YIL109C_mRNA,0,NA,NA,NA,0,NA,NA,NA
YIL110W_mRNA,0,NA,NA,NA,0,NA,NA,NA
YIL111W_mRNA,0,NA,NA,NA,0,NA,NA,NA
YIL113W_mRNA,0,NA,NA,NA,0,NA,NA,NA
YIL114C_mRNA,0,NA,NA,NA,1,59,70,TTTTTTTTTTTT
YIL121W_mRNA,0,NA,NA,NA,1,112,124,TTTTTTTTTTTTT
YIL123W_mRNA,0,NA,NA,NA,1,26,35,TTTTTTTTTT
YIL124W_mRNA,0,NA,NA,NA,0,NA,NA,NA
YIL126W_mRNA,0,NA,NA,NA,2,22,33,TTTTTTTTTTTT
YIL127C_mRNA,0,NA,NA,NA,0,NA,NA,NA
YIL131C_mRNA,0,NA,NA,NA,0,NA,NA,NA
YIL133C_mRNA,0,NA,NA,NA,0,NA,NA,NA
YIL136W_mRNA,0,NA,NA,NA,0,NA,NA,NA
YIL137C_mRNA,0,NA,NA,NA,0,NA,NA,NA
YIL138C_mRNA,0,NA,NA,NA,0,NA,NA,NA
YIL139C_mRNA,0,NA,NA,NA,0,NA,NA,NA
YIL142W_mRNA,0,NA,NA,NA,0,NA,NA,NA
YIL148W_mRNA,0,NA,NA,NA,0,NA,NA,NA
YIL157C_mRNA,0,NA,NA,NA,0,NA,NA,NA
YIL158W_mRNA,0,NA,NA,NA,0,NA,NA,NA
YIL161W_mRNA,0,NA,NA,NA,0,NA,NA,NA
YIR003W_mRNA,0,NA,NA,NA,0,NA,NA,NA
YIR010W_mRNA,0,NA,NA,NA,0,NA,NA,NA
YIR011C_mRNA,0,NA,NA,NA,0,NA,NA,NA
YIR012W_mRNA,0,NA,NA,NA,0,NA,NA,NA
YIR016W_mRNA,0,NA,NA,NA,0,NA,NA,NA
YIR035C_mRNA,0,NA,NA,NA,0,NA,NA,NA
YIR036C_mRNA,0,NA,NA,NA,0,NA,NA,NA
YJL001W_mRNA,0,NA,NA,NA,1,207,213,TTTTTTT
YJL002C_mRNA,0,NA,NA,NA,0,NA,NA,NA
YJL008C_mRNA,0,NA,NA,NA,0,NA,NA,NA
YJL010C_mRNA,0,NA,NA,NA,0,NA,NA,NA
YJL012C_mRNA,0,NA,NA,NA,1,16,23,TTTTTTTT
YJL014W_mRNA,0,NA,NA,NA,2,58,64,TTTTTTT
YJL024C_mRNA,0,NA,NA,NA,0,NA,NA,NA
YJL026W_mRNA,0,NA,NA,NA,1,109,116,TTTTTTTT
YJL030W_mRNA,0,NA,NA,NA,0,NA,NA,NA
YJL033W_mRNA,0,NA,NA,NA,0,NA,NA,NA
YJL034W_mRNA,0,NA,NA,NA,0,NA,NA,NA
YJL041W_mRNA,0,NA,NA,NA,0,NA,NA,NA
YJL044C_mRNA,0,NA,NA,NA,0,NA,NA,NA
YJL052W_mRNA,0,NA,NA,NA,1,31,39,TTTTTTTTT
YJL055W_mRNA,0,NA,NA,NA,0,NA,NA,NA
YJL060W_mRNA,0,NA,NA,NA,1,10,18,TTTTTTTTT
YJL062W-A_mRNA,0,NA,NA,NA,0,NA,NA,NA
YJL069C_mRNA,0,NA,NA,NA,0,NA,NA,NA
YJL072C_mRNA,0,NA,NA,NA,0,NA,NA,NA
YJL073W_mRNA,0,NA,NA,NA,0,NA,NA,NA
YJL079C_mRNA,1,109,115,TTTTTTT,1,149,155,TTTTTTT
YJL082W_mRNA,0,NA,NA,NA,2,43,53,TTTTTTTTTTT
YJL085W_mRNA,0,NA,NA,NA,0,NA,NA,NA
YJL091C_mRNA,0,NA,NA,NA,0,NA,NA,NA
YJL096W_mRNA,0,NA,NA,NA,0,NA,NA,NA
YJL097W_mRNA,0,NA,NA,NA,0,NA,NA,NA
YJL101C_mRNA,0,NA,NA,NA,1,93,100,TTTTTTTT
YJL103C_mRNA,0,NA,NA,NA,1,119,126,TTTTTTTT
YJL104W_mRNA,0,NA,NA,NA,0,NA,NA,NA
YJL111W_mRNA,0,NA,NA,NA,0,NA,NA,NA
YJL112W_mRNA,0,NA,NA,NA,0,NA,NA,NA
YJL115W_mRNA,0,NA,NA,NA,0,NA,NA,NA
YJL117W_mRNA,0,NA,NA,NA,0,NA,NA,NA
YJL121C_mRNA,0,NA,NA,NA,1,59,65,TTTTTTT
YJL122W_mRNA,0,NA,NA,NA,0,NA,NA,NA
YJL123C_mRNA,0,NA,NA,NA,0,NA,NA,NA
YJL124C_mRNA,0,NA,NA,NA,1,194,200,TTTTTTT
YJL125C_mRNA,0,NA,NA,NA,0,NA,NA,NA
YJL130C_mRNA,0,NA,NA,NA,0,NA,NA,NA
YJL136C_mRNA,0,NA,NA,NA,0,NA,NA,NA
YJL138C_mRNA,0,NA,NA,NA,0,NA,NA,NA
YJL139C_mRNA,0,NA,NA,NA,1,528,535,TTTTTTTT
YJL140W_mRNA,0,NA,NA,NA,0,NA,NA,NA
YJL143W_mRNA,0,NA,NA,NA,0,NA,NA,NA
YJL148W_mRNA,0,NA,NA,NA,0,NA,NA,NA
YJL151C_mRNA,0,NA,NA,NA,0,NA,NA,NA
YJL158C_mRNA,0,NA,NA,NA,1,154,163,TTTTTTTTTT
YJL159W_mRNA,0,NA,NA,NA,1,251,258,TTTTTTTT
YJL161W_mRNA,0,NA,NA,NA,0,NA,NA,NA
YJL164C_mRNA,2,216,223,TTTTTTTT,2,42,53,TTTTTTTTTTTT
YJL166W_mRNA,0,NA,NA,NA,0,NA,NA,NA
YJL167W_mRNA,0,NA,NA,NA,0,NA,NA,NA
YJL171C_mRNA,0,NA,NA,NA,2,73,83,TTTTTTTTTTT
YJL172W_mRNA,0,NA,NA,NA,3,28,39,TTTTTTTTTTTT
YJL174W_mRNA,0,NA,NA,NA,1,158,164,TTTTTTT
YJL177W_mRNA,0,NA,NA,NA,0,NA,NA,NA
YJL178C_mRNA,0,NA,NA,NA,0,NA,NA,NA
YJL179W_mRNA,0,NA,NA,NA,1,60,67,TTTTTTTT
YJL180C_mRNA,0,NA,NA,NA,0,NA,NA,NA
YJL183W_mRNA,0,NA,NA,NA,0,NA,NA,NA
YJL184W_mRNA,0,NA,NA,NA,0,NA,NA,NA
YJL186W_mRNA,0,NA,NA,NA,0,NA,NA,NA
YJL190C_mRNA,0,NA,NA,NA,1,93,99,TTTTTTT
YJL191W_mRNA,0,NA,NA,NA,1,8,17,TTTTTTTTTT
YJL192C_mRNA,0,NA,NA,NA,0,NA,NA,NA
YJL196C_mRNA,0,NA,NA,NA,1,21,27,TTTTTTT
YJL198W_mRNA,0,NA,NA,NA,0,NA,NA,NA
YJL208C_mRNA,0,NA,NA,NA,0,NA,NA,NA
YJL209W_mRNA,0,NA,NA,NA,0,NA,NA,NA
YJL210W_mRNA,0,NA,NA,NA,0,NA,NA,NA
YJL217W_mRNA,0,NA,NA,NA,1,130,137,TTTTTTTT
YJL218W_mRNA,0,NA,NA,NA,0,NA,NA,NA
YJR001W_mRNA,0,NA,NA,NA,0,NA,NA,NA
YJR002W_mRNA,0,NA,NA,NA,0,NA,NA,NA
YJR006W_mRNA,0,NA,NA,NA,0,NA,NA,NA
YJR007W_mRNA,0,NA,NA,NA,0,NA,NA,NA
YJR008W_mRNA,0,NA,NA,NA,0,NA,NA,NA
YJR009C_mRNA,2,168,174,TTTTTTT,0,NA,NA,NA
YJR011C_mRNA,0,NA,NA,NA,0,NA,NA,NA
YJR013W_mRNA,0,NA,NA,NA,0,NA,NA,NA
YJR014W_mRNA,0,NA,NA,NA,0,NA,NA,NA
YJR016C_mRNA,0,NA,NA,NA,0,NA,NA,NA
YJR034W_mRNA,0,NA,NA,NA,0,NA,NA,NA
YJR040W_mRNA,0,NA,NA,NA,0,NA,NA,NA
YJR042W_mRNA,0,NA,NA,NA,0,NA,NA,NA
YJR044C_mRNA,0,NA,NA,NA,1,121,128,TTTTTTTT
YJR045C_mRNA,0,NA,NA,NA,0,NA,NA,NA
YJR048W_mRNA,0,NA,NA,NA,2,132,139,TTTTTTTT
YJR050W_mRNA,0,NA,NA,NA,1,122,130,TTTTTTTTT
YJR056C_mRNA,0,NA,NA,NA,0,NA,NA,NA
YJR057W_mRNA,0,NA,NA,NA,0,NA,NA,NA
YJR059W_mRNA,0,NA,NA,NA,0,NA,NA,NA
YJR060W_mRNA,0,NA,NA,NA,1,341,353,TTTTTTTTTTTTT
YJR063W_mRNA,0,NA,NA,NA,0,NA,NA,NA
YJR064W_mRNA,0,NA,NA,NA,1,54,61,TTTTTTTT
YJR065C_mRNA,0,NA,NA,NA,0,NA,NA,NA
YJR068W_mRNA,0,NA,NA,NA,0,NA,NA,NA
YJR069C_mRNA,0,NA,NA,NA,1,41,53,TTTTTTTTTTTTT
YJR070C_mRNA,0,NA,NA,NA,0,NA,NA,NA
YJR072C_mRNA,0,NA,NA,NA,0,NA,NA,NA
YJR075W_mRNA,0,NA,NA,NA,1,43,51,TTTTTTTTT
YJR076C_mRNA,0,NA,NA,NA,1,93,104,TTTTTTTTTTTT
YJR082C_mRNA,0,NA,NA,NA,0,NA,NA,NA
YJR085C_mRNA,0,NA,NA,NA,1,81,90,TTTTTTTTTT
YJR094W-A_mRNA,0,NA,NA,NA,0,NA,NA,NA
YJR096W_mRNA,0,NA,NA,NA,0,NA,NA,NA
YJR099W_mRNA,0,NA,NA,NA,0,NA,NA,NA
YJR100C_mRNA,0,NA,NA,NA,0,NA,NA,NA
YJR104C_mRNA,0,NA,NA,NA,0,NA,NA,NA
YJR105W_mRNA,0,NA,NA,NA,0,NA,NA,NA
YJR109C_mRNA,0,NA,NA,NA,1,58,64,TTTTTTT
YJR117W_mRNA,0,NA,NA,NA,0,NA,NA,NA
YJR118C_mRNA,0,NA,NA,NA,0,NA,NA,NA
YJR123W_mRNA,0,NA,NA,NA,0,NA,NA,NA
YJR124C_mRNA,0,NA,NA,NA,0,NA,NA,NA
YJR125C_mRNA,0,NA,NA,NA,0,NA,NA,NA
YJR131W_mRNA,0,NA,NA,NA,0,NA,NA,NA
YJR133W_mRNA,0,NA,NA,NA,0,NA,NA,NA
YJR135W-A_mRNA,0,NA,NA,NA,0,NA,NA,NA
YJR144W_mRNA,0,NA,NA,NA,0,NA,NA,NA
YJR145C_mRNA,0,NA,NA,NA,0,NA,NA,NA
YJR148W_mRNA,0,NA,NA,NA,0,NA,NA,NA
YKL001C_mRNA,0,NA,NA,NA,0,NA,NA,NA
YKL002W_mRNA,0,NA,NA,NA,1,145,153,TTTTTTTTT
YKL003C_mRNA,0,NA,NA,NA,0,NA,NA,NA
YKL004W_mRNA,0,NA,NA,NA,0,NA,NA,NA
YKL006C-A_mRNA,0,NA,NA,NA,0,NA,NA,NA
YKL006W_mRNA,0,NA,NA,NA,0,NA,NA,NA
YKL007W_mRNA,0,NA,NA,NA,0,NA,NA,NA
YKL009W_mRNA,0,NA,NA,NA,1,56,63,TTTTTTTT
YKL011C_mRNA,0,NA,NA,NA,0,NA,NA,NA
YKL013C_mRNA,0,NA,NA,NA,1,200,206,TTTTTTT
YKL015W_mRNA,0,NA,NA,NA,0,NA,NA,NA
YKL016C_mRNA,0,NA,NA,NA,1,43,49,TTTTTTT
YKL018C-A_mRNA,0,NA,NA,NA,0,NA,NA,NA
YKL025C_mRNA,0,NA,NA,NA,0,NA,NA,NA
YKL026C_mRNA,0,NA,NA,NA,0,NA,NA,NA
YKL028W_mRNA,0,NA,NA,NA,1,13,20,TTTTTTTT
YKL029C_mRNA,0,NA,NA,NA,1,80,86,TTTTTTT
YKL033W-A_mRNA,1,91,98,TTTTTTTT,0,NA,NA,NA
YKL034W_mRNA,0,NA,NA,NA,0,NA,NA,NA
YKL039W_mRNA,0,NA,NA,NA,0,NA,NA,NA
YKL040C_mRNA,0,NA,NA,NA,0,NA,NA,NA
YKL041W_mRNA,0,NA,NA,NA,0,NA,NA,NA
YKL045W_mRNA,0,NA,NA,NA,0,NA,NA,NA
YKL047W_mRNA,0,NA,NA,NA,0,NA,NA,NA
YKL048C_mRNA,0,NA,NA,NA,0,NA,NA,NA
YKL051W_mRNA,1,17,24,TTTTTTTT,1,224,233,TTTTTTTTTT
YKL052C_mRNA,0,NA,NA,NA,0,NA,NA,NA
YKL053C-A_mRNA,0,NA,NA,NA,0,NA,NA,NA
YKL056C_mRNA,0,NA,NA,NA,0,NA,NA,NA
YKL058W_mRNA,0,NA,NA,NA,0,NA,NA,NA
YKL059C_mRNA,0,NA,NA,NA,0,NA,NA,NA
YKL060C_mRNA,0,NA,NA,NA,0,NA,NA,NA
YKL061W_mRNA,0,NA,NA,NA,0,NA,NA,NA
YKL063C_mRNA,0,NA,NA,NA,0,NA,NA,NA
YKL065C_mRNA,0,NA,NA,NA,0,NA,NA,NA
YKL067W_mRNA,0,NA,NA,NA,1,39,46,TTTTTTTT
YKL068W_mRNA,0,NA,NA,NA,0,NA,NA,NA
YKL068W-A_mRNA,0,NA,NA,NA,2,183,190,TTTTTTTT
YKL069W_mRNA,0,NA,NA,NA,0,NA,NA,NA
YKL073W_mRNA,0,NA,NA,NA,0,NA,NA,NA
YKL074C_mRNA,0,NA,NA,NA,0,NA,NA,NA
YKL077W_mRNA,0,NA,NA,NA,2,88,95,TTTTTTTT
YKL078W_mRNA,0,NA,NA,NA,0,NA,NA,NA
YKL080W_mRNA,0,NA,NA,NA,1,43,52,TTTTTTTTTT
YKL081W_mRNA,0,NA,NA,NA,0,NA,NA,NA
YKL082C_mRNA,0,NA,NA,NA,0,NA,NA,NA
YKL085W_mRNA,0,NA,NA,NA,1,203,209,TTTTTTT
YKL086W_mRNA,0,NA,NA,NA,0,NA,NA,NA
YKL087C_mRNA,0,NA,NA,NA,0,NA,NA,NA
YKL088W_mRNA,0,NA,NA,NA,1,46,59,TTTTTTTTTTTTTT
YKL089W_mRNA,0,NA,NA,NA,0,NA,NA,NA
YKL090W_mRNA,0,NA,NA,NA,0,NA,NA,NA
YKL094W_mRNA,0,NA,NA,NA,0,NA,NA,NA
YKL096W_mRNA,0,NA,NA,NA,0,NA,NA,NA
YKL096W-A_mRNA,0,NA,NA,NA,0,NA,NA,NA
YKL098W_mRNA,0,NA,NA,NA,0,NA,NA,NA
YKL099C_mRNA,0,NA,NA,NA,0,NA,NA,NA
YKL103C_mRNA,0,NA,NA,NA,0,NA,NA,NA
YKL108W_mRNA,0,NA,NA,NA,0,NA,NA,NA
YKL109W_mRNA,2,255,262,TTTTTTTT,2,199,208,TTTTTTTTTT
YKL113C_mRNA,0,NA,NA,NA,1,102,108,TTTTTTT
YKL117W_mRNA,0,NA,NA,NA,0,NA,NA,NA
YKL120W_mRNA,0,NA,NA,NA,0,NA,NA,NA
YKL122C_mRNA,0,NA,NA,NA,0,NA,NA,NA
YKL125W_mRNA,0,NA,NA,NA,0,NA,NA,NA
YKL127W_mRNA,0,NA,NA,NA,0,NA,NA,NA
YKL130C_mRNA,0,NA,NA,NA,0,NA,NA,NA
YKL132C_mRNA,0,NA,NA,NA,0,NA,NA,NA
YKL133C_mRNA,0,NA,NA,NA,0,NA,NA,NA
YKL137W_mRNA,0,NA,NA,NA,0,NA,NA,NA
YKL138C_mRNA,0,NA,NA,NA,0,NA,NA,NA
YKL138C-A_mRNA,0,NA,NA,NA,0,NA,NA,NA
YKL139W_mRNA,2,81,87,TTTTTTT,0,NA,NA,NA
YKL141W_mRNA,0,NA,NA,NA,0,NA,NA,NA
YKL142W_mRNA,0,NA,NA,NA,0,NA,NA,NA
YKL143W_mRNA,0,NA,NA,NA,0,NA,NA,NA
YKL144C_mRNA,0,NA,NA,NA,0,NA,NA,NA
YKL146W_mRNA,0,NA,NA,NA,0,NA,NA,NA
YKL148C_mRNA,0,NA,NA,NA,1,59,65,TTTTTTT
YKL150W_mRNA,0,NA,NA,NA,1,26,33,TTTTTTTT
YKL152C_mRNA,0,NA,NA,NA,0,NA,NA,NA
YKL156W_mRNA,0,NA,NA,NA,0,NA,NA,NA
YKL157W_mRNA,0,NA,NA,NA,0,NA,NA,NA
YKL159C_mRNA,0,NA,NA,NA,0,NA,NA,NA
YKL160W_mRNA,0,NA,NA,NA,0,NA,NA,NA
YKL164C_mRNA,0,NA,NA,NA,3,108,114,TTTTTTT
YKL170W_mRNA,0,NA,NA,NA,0,NA,NA,NA
YKL173W_mRNA,0,NA,NA,NA,0,NA,NA,NA
YKL175W_mRNA,0,NA,NA,NA,0,NA,NA,NA
YKL180W_mRNA,0,NA,NA,NA,0,NA,NA,NA
YKL181W_mRNA,0,NA,NA,NA,0,NA,NA,NA
YKL185W_mRNA,0,NA,NA,NA,0,NA,NA,NA
YKL186C_mRNA,0,NA,NA,NA,0,NA,NA,NA
YKL189W_mRNA,0,NA,NA,NA,0,NA,NA,NA
YKL190W_mRNA,0,NA,NA,NA,0,NA,NA,NA
YKL192C_mRNA,0,NA,NA,NA,0,NA,NA,NA
YKL194C_mRNA,0,NA,NA,NA,0,NA,NA,NA
YKL195W_mRNA,0,NA,NA,NA,0,NA,NA,NA
YKL196C_mRNA,0,NA,NA,NA,0,NA,NA,NA
YKL204W_mRNA,0,NA,NA,NA,0,NA,NA,NA
YKL206C_mRNA,0,NA,NA,NA,0,NA,NA,NA
YKL207W_mRNA,0,NA,NA,NA,0,NA,NA,NA
YKL208W_mRNA,0,NA,NA,NA,0,NA,NA,NA
YKL213C_mRNA,0,NA,NA,NA,0,NA,NA,NA
YKL214C_mRNA,0,NA,NA,NA,0,NA,NA,NA
YKL216W_mRNA,0,NA,NA,NA,0,NA,NA,NA
YKL217W_mRNA,0,NA,NA,NA,0,NA,NA,NA
YKL218C_mRNA,0,NA,NA,NA,0,NA,NA,NA
YKR001C_mRNA,0,NA,NA,NA,0,NA,NA,NA
YKR002W_mRNA,1,227,233,TTTTTTT,0,NA,NA,NA
YKR003W_mRNA,0,NA,NA,NA,2,46,52,TTTTTTT
YKR006C_mRNA,0,NA,NA,NA,0,NA,NA,NA
YKR007W_mRNA,0,NA,NA,NA,0,NA,NA,NA
YKR008W_mRNA,0,NA,NA,NA,0,NA,NA,NA
YKR010C_mRNA,0,NA,NA,NA,0,NA,NA,NA
YKR014C_mRNA,1,83,91,TTTTTTTTT,0,NA,NA,NA
YKR016W_mRNA,0,NA,NA,NA,0,NA,NA,NA
YKR018C_mRNA,0,NA,NA,NA,1,30,37,TTTTTTTT
YKR019C_mRNA,1,57,63,TTTTTTT,0,NA,NA,NA
YKR023W_mRNA,0,NA,NA,NA,0,NA,NA,NA
YKR025W_mRNA,0,NA,NA,NA,0,NA,NA,NA
YKR027W_mRNA,0,NA,NA,NA,0,NA,NA,NA
YKR030W_mRNA,0,NA,NA,NA,0,NA,NA,NA
YKR035W-A_mRNA,0,NA,NA,NA,0,NA,NA,NA
YKR038C_mRNA,0,NA,NA,NA,0,NA,NA,NA
YKR039W_mRNA,0,NA,NA,NA,0,NA,NA,NA
YKR042W_mRNA,0,NA,NA,NA,1,46,52,TTTTTTT
YKR043C_mRNA,0,NA,NA,NA,1,58,65,TTTTTTTT
YKR044W_mRNA,0,NA,NA,NA,0,NA,NA,NA
YKR048C_mRNA,0,NA,NA,NA,0,NA,NA,NA
YKR049C_mRNA,0,NA,NA,NA,0,NA,NA,NA
YKR051W_mRNA,0,NA,NA,NA,0,NA,NA,NA
YKR052C_mRNA,0,NA,NA,NA,1,30,36,TTTTTTT
YKR057W_mRNA,0,NA,NA,NA,0,NA,NA,NA
YKR059W_mRNA,0,NA,NA,NA,0,NA,NA,NA
YKR060W_mRNA,0,NA,NA,NA,0,NA,NA,NA
YKR063C_mRNA,0,NA,NA,NA,0,NA,NA,NA
YKR065C_mRNA,0,NA,NA,NA,0,NA,NA,NA
YKR066C_mRNA,0,NA,NA,NA,0,NA,NA,NA
YKR067W_mRNA,0,NA,NA,NA,0,NA,NA,NA
YKR068C_mRNA,0,NA,NA,NA,1,17,26,TTTTTTTTTT
YKR069W_mRNA,0,NA,NA,NA,0,NA,NA,NA
YKR071C_mRNA,0,NA,NA,NA,2,61,67,TTTTTTT
YKR074W_mRNA,0,NA,NA,NA,0,NA,NA,NA
YKR076W_mRNA,0,NA,NA,NA,0,NA,NA,NA
YKR080W_mRNA,0,NA,NA,NA,0,NA,NA,NA
YKR081C_mRNA,0,NA,NA,NA,0,NA,NA,NA
YKR084C_mRNA,0,NA,NA,NA,0,NA,NA,NA
YKR085C_mRNA,0,NA,NA,NA,0,NA,NA,NA
YKR090W_mRNA,1,70,76,TTTTTTT,0,NA,NA,NA
YKR094C_mRNA,0,NA,NA,NA,1,51,57,TTTTTTT
YKR095W-A_mRNA,0,NA,NA,NA,0,NA,NA,NA
YKR097W_mRNA,0,NA,NA,NA,1,123,130,TTTTTTTT
YKR101W_mRNA,0,NA,NA,NA,0,NA,NA,NA
YLL001W_mRNA,0,NA,NA,NA,0,NA,NA,NA
YLL002W_mRNA,0,NA,NA,NA,0,NA,NA,NA
YLL004W_mRNA,0,NA,NA,NA,0,NA,NA,NA
YLL007C_mRNA,0,NA,NA,NA,2,27,35,TTTTTTTTT
YLL008W_mRNA,0,NA,NA,NA,0,NA,NA,NA
YLL009C_mRNA,0,NA,NA,NA,0,NA,NA,NA
YLL011W_mRNA,0,NA,NA,NA,1,53,59,TTTTTTT
YLL012W_mRNA,0,NA,NA,NA,0,NA,NA,NA
YLL014W_mRNA,0,NA,NA,NA,2,81,92,TTTTTTTTTTTT
YLL018C_mRNA,0,NA,NA,NA,0,NA,NA,NA
YLL023C_mRNA,0,NA,NA,NA,0,NA,NA,NA
YLL024C_mRNA,0,NA,NA,NA,1,68,74,TTTTTTT
YLL026W_mRNA,0,NA,NA,NA,0,NA,NA,NA
YLL027W_mRNA,1,163,169,TTTTTTT,0,NA,NA,NA
YLL029W_mRNA,0,NA,NA,NA,0,NA,NA,NA
YLL041C_mRNA,0,NA,NA,NA,0,NA,NA,NA
YLL045C_mRNA,0,NA,NA,NA,0,NA,NA,NA
YLL050C_mRNA,0,NA,NA,NA,0,NA,NA,NA
YLL051C_mRNA,0,NA,NA,NA,0,NA,NA,NA
YLL058W_mRNA,0,NA,NA,NA,1,74,80,TTTTTTT
YLL062C_mRNA,0,NA,NA,NA,0,NA,NA,NA
YLR001C_mRNA,0,NA,NA,NA,0,NA,NA,NA
YLR002C_mRNA,0,NA,NA,NA,0,NA,NA,NA
YLR005W_mRNA,0,NA,NA,NA,0,NA,NA,NA
YLR007W_mRNA,0,NA,NA,NA,0,NA,NA,NA
YLR008C_mRNA,0,NA,NA,NA,0,NA,NA,NA
YLR009W_mRNA,0,NA,NA,NA,0,NA,NA,NA
YLR010C_mRNA,0,NA,NA,NA,0,NA,NA,NA
YLR011W_mRNA,0,NA,NA,NA,0,NA,NA,NA
YLR015W_mRNA,0,NA,NA,NA,0,NA,NA,NA
YLR018C_mRNA,0,NA,NA,NA,0,NA,NA,NA
YLR019W_mRNA,0,NA,NA,NA,0,NA,NA,NA
YLR020C_mRNA,0,NA,NA,NA,0,NA,NA,NA
YLR021W_mRNA,0,NA,NA,NA,0,NA,NA,NA
YLR025W_mRNA,0,NA,NA,NA,0,NA,NA,NA
YLR026C_mRNA,0,NA,NA,NA,1,45,52,TTTTTTTT
YLR027C_mRNA,0,NA,NA,NA,1,45,52,TTTTTTTT
YLR028C_mRNA,1,103,109,TTTTTTT,0,NA,NA,NA
YLR029C_mRNA,0,NA,NA,NA,1,124,134,TTTTTTTTTTT
YLR033W_mRNA,0,NA,NA,NA,0,NA,NA,NA
YLR034C_mRNA,1,100,109,TTTTTTTTTT,0,NA,NA,NA
YLR036C_mRNA,0,NA,NA,NA,0,NA,NA,NA
YLR038C_mRNA,0,NA,NA,NA,0,NA,NA,NA
YLR040C_mRNA,0,NA,NA,NA,1,61,67,TTTTTTT
YLR043C_mRNA,0,NA,NA,NA,0,NA,NA,NA
YLR044C_mRNA,0,NA,NA,NA,0,NA,NA,NA
YLR048W_mRNA,0,NA,NA,NA,1,108,117,TTTTTTTTTT
YLR049C_mRNA,0,NA,NA,NA,0,NA,NA,NA
YLR051C_mRNA,0,NA,NA,NA,0,NA,NA,NA
YLR052W_mRNA,0,NA,NA,NA,0,NA,NA,NA
YLR056W_mRNA,0,NA,NA,NA,0,NA,NA,NA
YLR058C_mRNA,0,NA,NA,NA,0,NA,NA,NA
YLR060W_mRNA,0,NA,NA,NA,0,NA,NA,NA
YLR061W_mRNA,0,NA,NA,NA,0,NA,NA,NA
YLR065C_mRNA,0,NA,NA,NA,0,NA,NA,NA
YLR066W_mRNA,0,NA,NA,NA,0,NA,NA,NA
YLR068W_mRNA,0,NA,NA,NA,0,NA,NA,NA
YLR069C_mRNA,0,NA,NA,NA,0,NA,NA,NA
YLR072W_mRNA,0,NA,NA,NA,0,NA,NA,NA
YLR074C_mRNA,0,NA,NA,NA,0,NA,NA,NA
YLR075W_mRNA,0,NA,NA,NA,2,41,47,TTTTTTT
YLR077W_mRNA,0,NA,NA,NA,0,NA,NA,NA
YLR078C_mRNA,0,NA,NA,NA,0,NA,NA,NA
YLR080W_mRNA,0,NA,NA,NA,0,NA,NA,NA
YLR081W_mRNA,0,NA,NA,NA,0,NA,NA,NA
YLR085C_mRNA,0,NA,NA,NA,0,NA,NA,NA
YLR088W_mRNA,0,NA,NA,NA,0,NA,NA,NA
YLR089C_mRNA,0,NA,NA,NA,0,NA,NA,NA
YLR093C_mRNA,0,NA,NA,NA,0,NA,NA,NA
YLR094C_mRNA,0,NA,NA,NA,0,NA,NA,NA
YLR095C_mRNA,0,NA,NA,NA,0,NA,NA,NA
YLR098C_mRNA,0,NA,NA,NA,0,NA,NA,NA
YLR099W-A_mRNA,0,NA,NA,NA,0,NA,NA,NA
YLR100W_mRNA,0,NA,NA,NA,0,NA,NA,NA
YLR104W_mRNA,0,NA,NA,NA,0,NA,NA,NA
YLR105C_mRNA,0,NA,NA,NA,0,NA,NA,NA
YLR107W_mRNA,0,NA,NA,NA,0,NA,NA,NA
YLR109W_mRNA,0,NA,NA,NA,1,80,89,TTTTTTTTTT
YLR110C_mRNA,0,NA,NA,NA,1,109,119,TTTTTTTTTTT
YLR113W_mRNA,0,NA,NA,NA,2,9,15,TTTTTTT
YLR114C_mRNA,0,NA,NA,NA,0,NA,NA,NA
YLR115W_mRNA,0,NA,NA,NA,0,NA,NA,NA
YLR118C_mRNA,0,NA,NA,NA,0,NA,NA,NA
YLR120C_mRNA,0,NA,NA,NA,2,88,96,TTTTTTTTT
YLR121C_mRNA,0,NA,NA,NA,0,NA,NA,NA
YLR130C_mRNA,0,NA,NA,NA,0,NA,NA,NA
YLR133W_mRNA,1,13,21,TTTTTTTTT,0,NA,NA,NA
YLR137W_mRNA,0,NA,NA,NA,0,NA,NA,NA
YLR139C_mRNA,0,NA,NA,NA,0,NA,NA,NA
YLR143W_mRNA,0,NA,NA,NA,0,NA,NA,NA
YLR146C_mRNA,0,NA,NA,NA,0,NA,NA,NA
YLR146W-A_mRNA,0,NA,NA,NA,0,NA,NA,NA
YLR147C_mRNA,0,NA,NA,NA,0,NA,NA,NA
YLR148W_mRNA,0,NA,NA,NA,0,NA,NA,NA
YLR150W_mRNA,1,34,42,TTTTTTTTT,0,NA,NA,NA
YLR151C_mRNA,0,NA,NA,NA,0,NA,NA,NA
YLR152C_mRNA,0,NA,NA,NA,0,NA,NA,NA
YLR153C_mRNA,0,NA,NA,NA,0,NA,NA,NA
YLR154C_mRNA,0,NA,NA,NA,0,NA,NA,NA
YLR163C_mRNA,0,NA,NA,NA,0,NA,NA,NA
YLR164W_mRNA,0,NA,NA,NA,0,NA,NA,NA
YLR166C_mRNA,0,NA,NA,NA,0,NA,NA,NA
YLR167W_mRNA,0,NA,NA,NA,0,NA,NA,NA
YLR172C_mRNA,0,NA,NA,NA,0,NA,NA,NA
YLR175W_mRNA,1,18,28,TTTTTTTTTTT,3,45,51,TTTTTTT
YLR177W_mRNA,0,NA,NA,NA,0,NA,NA,NA
YLR179C_mRNA,0,NA,NA,NA,1,100,113,TTTTTTTTTTTTTT
YLR180W_mRNA,0,NA,NA,NA,0,NA,NA,NA
YLR181C_mRNA,0,NA,NA,NA,0,NA,NA,NA
YLR182W_mRNA,0,NA,NA,NA,1,52,58,TTTTTTT
YLR183C_mRNA,0,NA,NA,NA,0,NA,NA,NA
YLR188W_mRNA,0,NA,NA,NA,0,NA,NA,NA
YLR190W_mRNA,0,NA,NA,NA,0,NA,NA,NA
YLR191W_mRNA,0,NA,NA,NA,0,NA,NA,NA
YLR192C_mRNA,0,NA,NA,NA,0,NA,NA,NA
YLR193C_mRNA,0,NA,NA,NA,0,NA,NA,NA
YLR196W_mRNA,0,NA,NA,NA,0,NA,NA,NA
YLR197W_mRNA,0,NA,NA,NA,0,NA,NA,NA
YLR204W_mRNA,0,NA,NA,NA,1,107,116,TTTTTTTTTT
YLR207W_mRNA,0,NA,NA,NA,0,NA,NA,NA
YLR208W_mRNA,0,NA,NA,NA,1,161,170,TTTTTTTTTT
YLR209C_mRNA,0,NA,NA,NA,0,NA,NA,NA
YLR210W_mRNA,0,NA,NA,NA,0,NA,NA,NA
YLR211C_mRNA,0,NA,NA,NA,0,NA,NA,NA
YLR212C_mRNA,0,NA,NA,NA,0,NA,NA,NA
YLR214W_mRNA,0,NA,NA,NA,0,NA,NA,NA
YLR215C_mRNA,0,NA,NA,NA,0,NA,NA,NA
YLR221C_mRNA,0,NA,NA,NA,0,NA,NA,NA
YLR222C_mRNA,0,NA,NA,NA,0,NA,NA,NA
YLR224W_mRNA,3,276,282,TTTTTTT,1,119,125,TTTTTTT
YLR226W_mRNA,0,NA,NA,NA,0,NA,NA,NA
YLR229C_mRNA,0,NA,NA,NA,0,NA,NA,NA
YLR231C_mRNA,0,NA,NA,NA,0,NA,NA,NA
YLR237W_mRNA,0,NA,NA,NA,1,73,79,TTTTTTT
YLR238W_mRNA,0,NA,NA,NA,0,NA,NA,NA
YLR240W_mRNA,0,NA,NA,NA,1,125,131,TTTTTTT
YLR242C_mRNA,0,NA,NA,NA,0,NA,NA,NA
YLR243W_mRNA,0,NA,NA,NA,0,NA,NA,NA
YLR249W_mRNA,0,NA,NA,NA,0,NA,NA,NA
YLR250W_mRNA,0,NA,NA,NA,0,NA,NA,NA
YLR253W_mRNA,0,NA,NA,NA,0,NA,NA,NA
YLR255C_mRNA,0,NA,NA,NA,0,NA,NA,NA
YLR257W_mRNA,0,NA,NA,NA,0,NA,NA,NA
YLR258W_mRNA,1,16,22,TTTTTTT,1,172,178,TTTTTTT
YLR259C_mRNA,0,NA,NA,NA,0,NA,NA,NA
YLR260W_mRNA,0,NA,NA,NA,1,79,86,TTTTTTTT
YLR262C-A_mRNA,0,NA,NA,NA,0,NA,NA,NA
YLR264W_mRNA,0,NA,NA,NA,2,46,53,TTTTTTTT
YLR267W_mRNA,0,NA,NA,NA,0,NA,NA,NA
YLR268W_mRNA,0,NA,NA,NA,0,NA,NA,NA
YLR270W_mRNA,0,NA,NA,NA,1,53,59,TTTTTTT
YLR271W_mRNA,0,NA,NA,NA,0,NA,NA,NA
YLR274W_mRNA,0,NA,NA,NA,0,NA,NA,NA
YLR275W_mRNA,0,NA,NA,NA,1,78,84,TTTTTTT
YLR276C_mRNA,0,NA,NA,NA,0,NA,NA,NA
YLR277C_mRNA,0,NA,NA,NA,0,NA,NA,NA
YLR283W_mRNA,0,NA,NA,NA,0,NA,NA,NA
YLR285W_mRNA,0,NA,NA,NA,0,NA,NA,NA
YLR287C-A_mRNA,0,NA,NA,NA,0,NA,NA,NA
YLR290C_mRNA,0,NA,NA,NA,0,NA,NA,NA
YLR291C_mRNA,0,NA,NA,NA,1,63,69,TTTTTTT
YLR293C_mRNA,0,NA,NA,NA,0,NA,NA,NA
YLR297W_mRNA,0,NA,NA,NA,4,123,130,TTTTTTTT
YLR298C_mRNA,0,NA,NA,NA,0,NA,NA,NA
YLR300W_mRNA,0,NA,NA,NA,0,NA,NA,NA
YLR301W_mRNA,0,NA,NA,NA,0,NA,NA,NA
YLR303W_mRNA,0,NA,NA,NA,1,97,103,TTTTTTT
YLR306W_mRNA,0,NA,NA,NA,0,NA,NA,NA
YLR312W-A_mRNA,0,NA,NA,NA,0,NA,NA,NA
YLR314C_mRNA,0,NA,NA,NA,0,NA,NA,NA
YLR316C_mRNA,0,NA,NA,NA,0,NA,NA,NA
YLR324W_mRNA,0,NA,NA,NA,0,NA,NA,NA
YLR325C_mRNA,0,NA,NA,NA,1,137,143,TTTTTTT
YLR326W_mRNA,0,NA,NA,NA,0,NA,NA,NA
YLR327C_mRNA,0,NA,NA,NA,0,NA,NA,NA
YLR330W_mRNA,0,NA,NA,NA,0,NA,NA,NA
YLR332W_mRNA,1,168,174,TTTTTTT,0,NA,NA,NA
YLR333C_mRNA,0,NA,NA,NA,1,47,54,TTTTTTTT
YLR335W_mRNA,0,NA,NA,NA,0,NA,NA,NA
YLR336C_mRNA,0,NA,NA,NA,0,NA,NA,NA
YLR340W_mRNA,0,NA,NA,NA,0,NA,NA,NA
YLR344W_mRNA,0,NA,NA,NA,1,45,51,TTTTTTT
YLR345W_mRNA,0,NA,NA,NA,0,NA,NA,NA
YLR348C_mRNA,0,NA,NA,NA,0,NA,NA,NA
YLR350W_mRNA,0,NA,NA,NA,0,NA,NA,NA
YLR351C_mRNA,0,NA,NA,NA,0,NA,NA,NA
YLR354C_mRNA,0,NA,NA,NA,0,NA,NA,NA
YLR355C_mRNA,1,49,55,TTTTTTT,1,101,112,TTTTTTTTTTTT
YLR356W_mRNA,0,NA,NA,NA,1,100,106,TTTTTTT
YLR357W_mRNA,0,NA,NA,NA,0,NA,NA,NA
YLR359W_mRNA,0,NA,NA,NA,0,NA,NA,NA
YLR360W_mRNA,0,NA,NA,NA,0,NA,NA,NA
YLR361C-A_mRNA,0,NA,NA,NA,0,NA,NA,NA
YLR362W_mRNA,0,NA,NA,NA,0,NA,NA,NA
YLR363W-A_mRNA,0,NA,NA,NA,0,NA,NA,NA
YLR364W_mRNA,0,NA,NA,NA,0,NA,NA,NA
YLR368W_mRNA,0,NA,NA,NA,0,NA,NA,NA
YLR370C_mRNA,0,NA,NA,NA,0,NA,NA,NA
YLR372W_mRNA,0,NA,NA,NA,0,NA,NA,NA
YLR375W_mRNA,0,NA,NA,NA,1,83,90,TTTTTTTT
YLR376C_mRNA,0,NA,NA,NA,0,NA,NA,NA
YLR378C_mRNA,1,91,97,TTTTTTT,1,67,73,TTTTTTT
YLR380W_mRNA,0,NA,NA,NA,0,NA,NA,NA
YLR386W_mRNA,0,NA,NA,NA,0,NA,NA,NA
YLR388W_mRNA,0,NA,NA,NA,0,NA,NA,NA
YLR389C_mRNA,0,NA,NA,NA,1,64,70,TTTTTTT
YLR390W_mRNA,0,NA,NA,NA,0,NA,NA,NA
YLR390W-A_mRNA,0,NA,NA,NA,0,NA,NA,NA
YLR395C_mRNA,0,NA,NA,NA,0,NA,NA,NA
YLR396C_mRNA,0,NA,NA,NA,1,49,55,TTTTTTT
YLR397C_mRNA,0,NA,NA,NA,0,NA,NA,NA
YLR399C_mRNA,0,NA,NA,NA,0,NA,NA,NA
YLR401C_mRNA,0,NA,NA,NA,0,NA,NA,NA
YLR405W_mRNA,0,NA,NA,NA,0,NA,NA,NA
YLR406C_mRNA,0,NA,NA,NA,0,NA,NA,NA
YLR407W_mRNA,1,14,20,TTTTTTT,1,114,121,TTTTTTTT
YLR413W_mRNA,0,NA,NA,NA,0,NA,NA,NA
YLR417W_mRNA,1,88,96,TTTTTTTTT,0,NA,NA,NA
YLR420W_mRNA,0,NA,NA,NA,0,NA,NA,NA
YLR421C_mRNA,0,NA,NA,NA,0,NA,NA,NA
YLR426W_mRNA,0,NA,NA,NA,0,NA,NA,NA
YLR427W_mRNA,0,NA,NA,NA,0,NA,NA,NA
YLR432W_mRNA,0,NA,NA,NA,0,NA,NA,NA
YLR435W_mRNA,0,NA,NA,NA,0,NA,NA,NA
YLR437C_mRNA,0,NA,NA,NA,2,17,24,TTTTTTTT
YLR438C-A_mRNA,0,NA,NA,NA,1,41,47,TTTTTTT
YLR438W_mRNA,0,NA,NA,NA,2,16,23,TTTTTTTT
YLR439W_mRNA,0,NA,NA,NA,0,NA,NA,NA
YLR441C_mRNA,0,NA,NA,NA,1,92,98,TTTTTTT
YLR447C_mRNA,0,NA,NA,NA,2,71,77,TTTTTTT
YLR448W_mRNA,0,NA,NA,NA,1,205,214,TTTTTTTTTT
YLR449W_mRNA,0,NA,NA,NA,0,NA,NA,NA
YLR450W_mRNA,0,NA,NA,NA,0,NA,NA,NA
YLR459W_mRNA,0,NA,NA,NA,0,NA,NA,NA
YML001W_mRNA,0,NA,NA,NA,0,NA,NA,NA
YML004C_mRNA,0,NA,NA,NA,1,31,40,TTTTTTTTTT
YML007W_mRNA,1,73,79,TTTTTTT,1,128,134,TTTTTTT
YML011C_mRNA,1,27,34,TTTTTTTT,0,NA,NA,NA
YML018C_mRNA,2,116,122,TTTTTTT,0,NA,NA,NA
YML019W_mRNA,0,NA,NA,NA,1,283,290,TTTTTTTT
YML021C_mRNA,0,NA,NA,NA,0,NA,NA,NA
YML022W_mRNA,0,NA,NA,NA,0,NA,NA,NA
YML024W_mRNA,0,NA,NA,NA,0,NA,NA,NA
YML025C_mRNA,0,NA,NA,NA,0,NA,NA,NA
YML026C_mRNA,0,NA,NA,NA,1,67,73,TTTTTTT
YML028W_mRNA,0,NA,NA,NA,0,NA,NA,NA
YML030W_mRNA,0,NA,NA,NA,0,NA,NA,NA
YML031W_mRNA,0,NA,NA,NA,0,NA,NA,NA
YML034W_mRNA,0,NA,NA,NA,0,NA,NA,NA
YML036W_mRNA,0,NA,NA,NA,0,NA,NA,NA
YML038C_mRNA,1,23,29,TTTTTTT,0,NA,NA,NA
YML041C_mRNA,0,NA,NA,NA,0,NA,NA,NA
YML043C_mRNA,0,NA,NA,NA,0,NA,NA,NA
YML046W_mRNA,0,NA,NA,NA,0,NA,NA,NA
YML048W_mRNA,0,NA,NA,NA,3,33,41,TTTTTTTTT
YML051W_mRNA,0,NA,NA,NA,0,NA,NA,NA
YML052W_mRNA,0,NA,NA,NA,0,NA,NA,NA
YML053C_mRNA,0,NA,NA,NA,0,NA,NA,NA
YML055W_mRNA,0,NA,NA,NA,0,NA,NA,NA
YML056C_mRNA,0,NA,NA,NA,0,NA,NA,NA
YML057W_mRNA,0,NA,NA,NA,0,NA,NA,NA
YML058W_mRNA,0,NA,NA,NA,1,296,302,TTTTTTT
YML058W-A_mRNA,0,NA,NA,NA,2,17,25,TTTTTTTTT
YML060W_mRNA,0,NA,NA,NA,0,NA,NA,NA
YML062C_mRNA,0,NA,NA,NA,0,NA,NA,NA
YML063W_mRNA,0,NA,NA,NA,0,NA,NA,NA
YML064C_mRNA,0,NA,NA,NA,0,NA,NA,NA
YML065W_mRNA,0,NA,NA,NA,0,NA,NA,NA
YML068W_mRNA,0,NA,NA,NA,0,NA,NA,NA
YML069W_mRNA,0,NA,NA,NA,0,NA,NA,NA
YML070W_mRNA,0,NA,NA,NA,0,NA,NA,NA
YML071C_mRNA,0,NA,NA,NA,0,NA,NA,NA
YML072C_mRNA,0,NA,NA,NA,0,NA,NA,NA
YML073C_mRNA,0,NA,NA,NA,0,NA,NA,NA
YML074C_mRNA,0,NA,NA,NA,0,NA,NA,NA
YML075C_mRNA,0,NA,NA,NA,0,NA,NA,NA
YML077W_mRNA,0,NA,NA,NA,0,NA,NA,NA
YML078W_mRNA,0,NA,NA,NA,0,NA,NA,NA
YML079W_mRNA,0,NA,NA,NA,0,NA,NA,NA
YML081C-A_mRNA,0,NA,NA,NA,0,NA,NA,NA
YML082W_mRNA,0,NA,NA,NA,1,57,66,TTTTTTTTTT
YML085C_mRNA,0,NA,NA,NA,0,NA,NA,NA
YML086C_mRNA,0,NA,NA,NA,0,NA,NA,NA
YML087C_mRNA,0,NA,NA,NA,0,NA,NA,NA
YML092C_mRNA,0,NA,NA,NA,1,94,100,TTTTTTT
YML094W_mRNA,0,NA,NA,NA,0,NA,NA,NA
YML096W_mRNA,0,NA,NA,NA,0,NA,NA,NA
YML097C_mRNA,0,NA,NA,NA,0,NA,NA,NA
YML098W_mRNA,0,NA,NA,NA,0,NA,NA,NA
YML100W_mRNA,0,NA,NA,NA,1,83,89,TTTTTTT
YML102W_mRNA,0,NA,NA,NA,0,NA,NA,NA
YML104C_mRNA,0,NA,NA,NA,0,NA,NA,NA
YML105C_mRNA,0,NA,NA,NA,0,NA,NA,NA
YML106W_mRNA,1,69,79,TTTTTTTTTTT,0,NA,NA,NA
YML108W_mRNA,0,NA,NA,NA,0,NA,NA,NA
YML110C_mRNA,0,NA,NA,NA,1,24,33,TTTTTTTTTT
YML112W_mRNA,0,NA,NA,NA,0,NA,NA,NA
YML113W_mRNA,0,NA,NA,NA,0,NA,NA,NA
YML114C_mRNA,0,NA,NA,NA,0,NA,NA,NA
YML115C_mRNA,0,NA,NA,NA,1,71,77,TTTTTTT
YML119W_mRNA,0,NA,NA,NA,0,NA,NA,NA
YML120C_mRNA,0,NA,NA,NA,1,77,84,TTTTTTTT
YML121W_mRNA,0,NA,NA,NA,0,NA,NA,NA
YML123C_mRNA,0,NA,NA,NA,0,NA,NA,NA
YML124C_mRNA,0,NA,NA,NA,0,NA,NA,NA
YML125C_mRNA,0,NA,NA,NA,0,NA,NA,NA
YML128C_mRNA,0,NA,NA,NA,0,NA,NA,NA
YML129C_mRNA,0,NA,NA,NA,0,NA,NA,NA
YML130C_mRNA,0,NA,NA,NA,0,NA,NA,NA
YML131W_mRNA,0,NA,NA,NA,0,NA,NA,NA
YMR002W_mRNA,0,NA,NA,NA,1,89,97,TTTTTTTTT
YMR003W_mRNA,0,NA,NA,NA,0,NA,NA,NA
YMR005W_mRNA,0,NA,NA,NA,0,NA,NA,NA
YMR006C_mRNA,0,NA,NA,NA,0,NA,NA,NA
YMR009W_mRNA,0,NA,NA,NA,0,NA,NA,NA
YMR010W_mRNA,1,137,144,TTTTTTTT,1,44,50,TTTTTTT
YMR011W_mRNA,0,NA,NA,NA,1,29,35,TTTTTTT
YMR012W_mRNA,0,NA,NA,NA,1,119,127,TTTTTTTTT
YMR014W_mRNA,0,NA,NA,NA,0,NA,NA,NA
YMR015C_mRNA,0,NA,NA,NA,0,NA,NA,NA
YMR020W_mRNA,0,NA,NA,NA,0,NA,NA,NA
YMR022W_mRNA,0,NA,NA,NA,0,NA,NA,NA
YMR026C_mRNA,0,NA,NA,NA,1,55,61,TTTTTTT
YMR027W_mRNA,0,NA,NA,NA,0,NA,NA,NA
YMR028W_mRNA,0,NA,NA,NA,1,59,67,TTTTTTTTT
YMR029C_mRNA,0,NA,NA,NA,1,74,80,TTTTTTT
YMR035W_mRNA,0,NA,NA,NA,0,NA,NA,NA
YMR038C_mRNA,0,NA,NA,NA,0,NA,NA,NA
YMR039C_mRNA,0,NA,NA,NA,0,NA,NA,NA
YMR040W_mRNA,0,NA,NA,NA,1,85,92,TTTTTTTT
YMR043W_mRNA,3,160,166,TTTTTTT,0,NA,NA,NA
YMR044W_mRNA,0,NA,NA,NA,0,NA,NA,NA
YMR047C_mRNA,0,NA,NA,NA,0,NA,NA,NA
YMR048W_mRNA,0,NA,NA,NA,0,NA,NA,NA
YMR049C_mRNA,0,NA,NA,NA,0,NA,NA,NA
YMR052W_mRNA,0,NA,NA,NA,0,NA,NA,NA
YMR055C_mRNA,0,NA,NA,NA,0,NA,NA,NA
YMR058W_mRNA,0,NA,NA,NA,1,37,48,TTTTTTTTTTTT
YMR059W_mRNA,0,NA,NA,NA,0,NA,NA,NA
YMR060C_mRNA,0,NA,NA,NA,0,NA,NA,NA
YMR061W_mRNA,0,NA,NA,NA,0,NA,NA,NA
YMR062C_mRNA,0,NA,NA,NA,0,NA,NA,NA
YMR071C_mRNA,0,NA,NA,NA,0,NA,NA,NA
YMR072W_mRNA,0,NA,NA,NA,1,128,136,TTTTTTTTT
YMR077C_mRNA,0,NA,NA,NA,0,NA,NA,NA
YMR078C_mRNA,0,NA,NA,NA,0,NA,NA,NA
YMR079W_mRNA,0,NA,NA,NA,3,21,29,TTTTTTTTT
YMR080C_mRNA,0,NA,NA,NA,1,131,137,TTTTTTT
YMR081C_mRNA,0,NA,NA,NA,0,NA,NA,NA
YMR083W_mRNA,1,438,445,TTTTTTTT,0,NA,NA,NA
YMR086W_mRNA,0,NA,NA,NA,0,NA,NA,NA
YMR087W_mRNA,0,NA,NA,NA,0,NA,NA,NA
YMR088C_mRNA,1,57,63,TTTTTTT,0,NA,NA,NA
YMR089C_mRNA,0,NA,NA,NA,0,NA,NA,NA
YMR090W_mRNA,0,NA,NA,NA,0,NA,NA,NA
YMR091C_mRNA,0,NA,NA,NA,0,NA,NA,NA
YMR092C_mRNA,0,NA,NA,NA,0,NA,NA,NA
YMR093W_mRNA,0,NA,NA,NA,0,NA,NA,NA
YMR099C_mRNA,0,NA,NA,NA,0,NA,NA,NA
YMR105C_mRNA,0,NA,NA,NA,0,NA,NA,NA
YMR107W_mRNA,0,NA,NA,NA,0,NA,NA,NA
YMR108W_mRNA,1,79,85,TTTTTTT,2,114,120,TTTTTTT
YMR109W_mRNA,0,NA,NA,NA,0,NA,NA,NA
YMR110C_mRNA,0,NA,NA,NA,0,NA,NA,NA
YMR114C_mRNA,0,NA,NA,NA,1,6,12,TTTTTTT
YMR115W_mRNA,0,NA,NA,NA,0,NA,NA,NA
YMR116C_mRNA,1,59,68,TTTTTTTTTT,0,NA,NA,NA
YMR120C_mRNA,0,NA,NA,NA,0,NA,NA,NA
YMR122W-A_mRNA,0,NA,NA,NA,1,20,28,TTTTTTTTT
YMR123W_mRNA,0,NA,NA,NA,2,84,90,TTTTTTT
YMR125W_mRNA,0,NA,NA,NA,0,NA,NA,NA
YMR126C_mRNA,0,NA,NA,NA,0,NA,NA,NA
YMR129W_mRNA,0,NA,NA,NA,0,NA,NA,NA
YMR130W_mRNA,0,NA,NA,NA,0,NA,NA,NA
YMR131C_mRNA,0,NA,NA,NA,0,NA,NA,NA
YMR136W_mRNA,0,NA,NA,NA,1,76,83,TTTTTTTT
YMR138W_mRNA,0,NA,NA,NA,0,NA,NA,NA
YMR139W_mRNA,1,112,118,TTTTTTT,1,69,75,TTTTTTT
YMR140W_mRNA,0,NA,NA,NA,0,NA,NA,NA
YMR143W_mRNA,0,NA,NA,NA,0,NA,NA,NA
YMR145C_mRNA,0,NA,NA,NA,1,103,109,TTTTTTT
YMR146C_mRNA,0,NA,NA,NA,0,NA,NA,NA
YMR148W_mRNA,1,294,300,TTTTTTT,0,NA,NA,NA
YMR153W_mRNA,0,NA,NA,NA,0,NA,NA,NA
YMR155W_mRNA,0,NA,NA,NA,0,NA,NA,NA
YMR158W_mRNA,1,28,34,TTTTTTT,0,NA,NA,NA
YMR160W_mRNA,0,NA,NA,NA,0,NA,NA,NA
YMR161W_mRNA,0,NA,NA,NA,1,24,30,TTTTTTT
YMR170C_mRNA,0,NA,NA,NA,0,NA,NA,NA
YMR174C_mRNA,0,NA,NA,NA,1,154,161,TTTTTTTT
YMR178W_mRNA,0,NA,NA,NA,1,39,48,TTTTTTTTTT
YMR180C_mRNA,0,NA,NA,NA,0,NA,NA,NA
YMR181C_mRNA,0,NA,NA,NA,1,218,225,TTTTTTTT
YMR184W_mRNA,0,NA,NA,NA,0,NA,NA,NA
YMR186W_mRNA,0,NA,NA,NA,0,NA,NA,NA
YMR189W_mRNA,0,NA,NA,NA,0,NA,NA,NA
YMR193W_mRNA,0,NA,NA,NA,0,NA,NA,NA
YMR194W_mRNA,0,NA,NA,NA,0,NA,NA,NA
YMR195W_mRNA,0,NA,NA,NA,0,NA,NA,NA
YMR200W_mRNA,0,NA,NA,NA,0,NA,NA,NA
YMR202W_mRNA,0,NA,NA,NA,0,NA,NA,NA
YMR203W_mRNA,0,NA,NA,NA,1,65,73,TTTTTTTTT
YMR205C_mRNA,0,NA,NA,NA,2,85,93,TTTTTTTTT
YMR208W_mRNA,0,NA,NA,NA,0,NA,NA,NA
YMR209C_mRNA,0,NA,NA,NA,1,21,29,TTTTTTTTT
YMR210W_mRNA,0,NA,NA,NA,1,44,54,TTTTTTTTTTT
YMR211W_mRNA,0,NA,NA,NA,0,NA,NA,NA
YMR213W_mRNA,0,NA,NA,NA,0,NA,NA,NA
YMR214W_mRNA,0,NA,NA,NA,0,NA,NA,NA
YMR215W_mRNA,0,NA,NA,NA,2,16,22,TTTTTTT
YMR217W_mRNA,0,NA,NA,NA,0,NA,NA,NA
YMR221C_mRNA,0,NA,NA,NA,0,NA,NA,NA
YMR222C_mRNA,0,NA,NA,NA,0,NA,NA,NA
YMR223W_mRNA,1,195,201,TTTTTTT,1,241,251,TTTTTTTTTTT
YMR225C_mRNA,0,NA,NA,NA,0,NA,NA,NA
YMR228W_mRNA,0,NA,NA,NA,0,NA,NA,NA
YMR230W_mRNA,0,NA,NA,NA,0,NA,NA,NA
YMR233W_mRNA,0,NA,NA,NA,1,36,43,TTTTTTTT
YMR234W_mRNA,0,NA,NA,NA,0,NA,NA,NA
YMR235C_mRNA,0,NA,NA,NA,0,NA,NA,NA
YMR236W_mRNA,0,NA,NA,NA,0,NA,NA,NA
YMR237W_mRNA,0,NA,NA,NA,0,NA,NA,NA
YMR238W_mRNA,0,NA,NA,NA,0,NA,NA,NA
YMR239C_mRNA,0,NA,NA,NA,0,NA,NA,NA
YMR240C_mRNA,0,NA,NA,NA,0,NA,NA,NA
YMR241W_mRNA,0,NA,NA,NA,1,22,29,TTTTTTTT
YMR242C_mRNA,0,NA,NA,NA,0,NA,NA,NA
YMR243C_mRNA,0,NA,NA,NA,0,NA,NA,NA
YMR244C-A_mRNA,0,NA,NA,NA,1,112,118,TTTTTTT
YMR246W_mRNA,1,226,232,TTTTTTT,0,NA,NA,NA
YMR250W_mRNA,0,NA,NA,NA,0,NA,NA,NA
YMR251W-A_mRNA,0,NA,NA,NA,0,NA,NA,NA
YMR252C_mRNA,0,NA,NA,NA,1,175,184,TTTTTTTTTT
YMR255W_mRNA,0,NA,NA,NA,0,NA,NA,NA
YMR256C_mRNA,0,NA,NA,NA,0,NA,NA,NA
YMR258C_mRNA,0,NA,NA,NA,0,NA,NA,NA
YMR260C_mRNA,0,NA,NA,NA,0,NA,NA,NA
YMR263W_mRNA,0,NA,NA,NA,0,NA,NA,NA
YMR264W_mRNA,0,NA,NA,NA,0,NA,NA,NA
YMR267W_mRNA,0,NA,NA,NA,0,NA,NA,NA
YMR269W_mRNA,0,NA,NA,NA,0,NA,NA,NA
YMR272C_mRNA,0,NA,NA,NA,0,NA,NA,NA
YMR274C_mRNA,0,NA,NA,NA,0,NA,NA,NA
YMR275C_mRNA,0,NA,NA,NA,0,NA,NA,NA
YMR276W_mRNA,0,NA,NA,NA,0,NA,NA,NA
YMR277W_mRNA,0,NA,NA,NA,0,NA,NA,NA
YMR278W_mRNA,0,NA,NA,NA,0,NA,NA,NA
YMR281W_mRNA,0,NA,NA,NA,0,NA,NA,NA
YMR284W_mRNA,0,NA,NA,NA,0,NA,NA,NA
YMR285C_mRNA,0,NA,NA,NA,0,NA,NA,NA
YMR286W_mRNA,0,NA,NA,NA,0,NA,NA,NA
YMR290C_mRNA,0,NA,NA,NA,0,NA,NA,NA
YMR291W_mRNA,0,NA,NA,NA,3,23,30,TTTTTTTT
YMR292W_mRNA,0,NA,NA,NA,0,NA,NA,NA
YMR295C_mRNA,0,NA,NA,NA,2,30,36,TTTTTTT
YMR296C_mRNA,0,NA,NA,NA,0,NA,NA,NA
YMR297W_mRNA,0,NA,NA,NA,0,NA,NA,NA
YMR298W_mRNA,0,NA,NA,NA,0,NA,NA,NA
YMR301C_mRNA,0,NA,NA,NA,0,NA,NA,NA
YMR302C_mRNA,0,NA,NA,NA,0,NA,NA,NA
YMR307W_mRNA,0,NA,NA,NA,1,106,113,TTTTTTTT
YMR309C_mRNA,0,NA,NA,NA,2,157,167,TTTTTTTTTTT
YMR311C_mRNA,0,NA,NA,NA,0,NA,NA,NA
YMR312W_mRNA,0,NA,NA,NA,0,NA,NA,NA
YMR313C_mRNA,0,NA,NA,NA,1,30,37,TTTTTTTT
YMR314W_mRNA,0,NA,NA,NA,1,79,85,TTTTTTT
YMR315W_mRNA,0,NA,NA,NA,0,NA,NA,NA
YMR316W_mRNA,0,NA,NA,NA,0,NA,NA,NA
YMR318C_mRNA,0,NA,NA,NA,0,NA,NA,NA
YNL001W_mRNA,0,NA,NA,NA,0,NA,NA,NA
YNL002C_mRNA,0,NA,NA,NA,0,NA,NA,NA
YNL003C_mRNA,0,NA,NA,NA,0,NA,NA,NA
YNL004W_mRNA,0,NA,NA,NA,0,NA,NA,NA
YNL005C_mRNA,0,NA,NA,NA,0,NA,NA,NA
YNL006W_mRNA,0,NA,NA,NA,0,NA,NA,NA
YNL007C_mRNA,1,94,103,TTTTTTTTTT,0,NA,NA,NA
YNL010W_mRNA,0,NA,NA,NA,0,NA,NA,NA
YNL015W_mRNA,0,NA,NA,NA,0,NA,NA,NA
YNL016W_mRNA,0,NA,NA,NA,2,217,223,TTTTTTT
YNL020C_mRNA,0,NA,NA,NA,0,NA,NA,NA
YNL022C_mRNA,0,NA,NA,NA,0,NA,NA,NA
YNL024C-A_mRNA,0,NA,NA,NA,1,190,198,TTTTTTTTT
YNL026W_mRNA,0,NA,NA,NA,0,NA,NA,NA
YNL029C_mRNA,0,NA,NA,NA,0,NA,NA,NA
YNL030W_mRNA,1,42,53,TTTTTTTTTTTT,0,NA,NA,NA
YNL031C_mRNA,0,NA,NA,NA,1,18,28,TTTTTTTTTTT
YNL035C_mRNA,0,NA,NA,NA,1,200,211,TTTTTTTTTTTT
YNL036W_mRNA,0,NA,NA,NA,0,NA,NA,NA
YNL037C_mRNA,0,NA,NA,NA,1,19,26,TTTTTTTT
YNL039W_mRNA,0,NA,NA,NA,0,NA,NA,NA
YNL044W_mRNA,0,NA,NA,NA,0,NA,NA,NA
YNL046W_mRNA,1,68,74,TTTTTTT,1,55,61,TTTTTTT
YNL048W_mRNA,0,NA,NA,NA,0,NA,NA,NA
YNL051W_mRNA,0,NA,NA,NA,0,NA,NA,NA
YNL052W_mRNA,0,NA,NA,NA,0,NA,NA,NA
YNL053W_mRNA,1,37,46,TTTTTTTTTT,0,NA,NA,NA
YNL055C_mRNA,0,NA,NA,NA,0,NA,NA,NA
YNL056W_mRNA,0,NA,NA,NA,0,NA,NA,NA
YNL061W_mRNA,0,NA,NA,NA,0,NA,NA,NA
YNL064C_mRNA,1,71,77,TTTTTTT,0,NA,NA,NA
YNL066W_mRNA,1,71,82,TTTTTTTTTTTT,1,119,127,TTTTTTTTT
YNL069C_mRNA,0,NA,NA,NA,0,NA,NA,NA
YNL070W_mRNA,0,NA,NA,NA,0,NA,NA,NA
YNL071W_mRNA,0,NA,NA,NA,0,NA,NA,NA
YNL072W_mRNA,0,NA,NA,NA,0,NA,NA,NA
YNL079C_mRNA,0,NA,NA,NA,0,NA,NA,NA
YNL080C_mRNA,1,124,131,TTTTTTTT,0,NA,NA,NA
YNL081C_mRNA,0,NA,NA,NA,0,NA,NA,NA
YNL082W_mRNA,0,NA,NA,NA,0,NA,NA,NA
YNL083W_mRNA,0,NA,NA,NA,0,NA,NA,NA
YNL084C_mRNA,0,NA,NA,NA,0,NA,NA,NA
YNL086W_mRNA,0,NA,NA,NA,0,NA,NA,NA
YNL091W_mRNA,0,NA,NA,NA,0,NA,NA,NA
YNL094W_mRNA,0,NA,NA,NA,0,NA,NA,NA
YNL095C_mRNA,1,163,169,TTTTTTT,0,NA,NA,NA
YNL096C_mRNA,0,NA,NA,NA,0,NA,NA,NA
YNL097C_mRNA,0,NA,NA,NA,0,NA,NA,NA
YNL100W_mRNA,0,NA,NA,NA,1,19,25,TTTTTTT
YNL101W_mRNA,0,NA,NA,NA,0,NA,NA,NA
YNL103W_mRNA,1,177,183,TTTTTTT,0,NA,NA,NA
YNL104C_mRNA,0,NA,NA,NA,1,73,81,TTTTTTTTT
YNL107W_mRNA,0,NA,NA,NA,0,NA,NA,NA
YNL108C_mRNA,0,NA,NA,NA,0,NA,NA,NA
YNL110C_mRNA,0,NA,NA,NA,0,NA,NA,NA
YNL111C_mRNA,0,NA,NA,NA,0,NA,NA,NA
YNL112W_mRNA,0,NA,NA,NA,0,NA,NA,NA
YNL113W_mRNA,0,NA,NA,NA,0,NA,NA,NA
YNL116W_mRNA,0,NA,NA,NA,0,NA,NA,NA
YNL118C_mRNA,0,NA,NA,NA,0,NA,NA,NA
YNL119W_mRNA,0,NA,NA,NA,0,NA,NA,NA
YNL121C_mRNA,0,NA,NA,NA,0,NA,NA,NA
YNL123W_mRNA,0,NA,NA,NA,0,NA,NA,NA
YNL124W_mRNA,0,NA,NA,NA,0,NA,NA,NA
YNL129W_mRNA,0,NA,NA,NA,0,NA,NA,NA
YNL130C_mRNA,0,NA,NA,NA,0,NA,NA,NA
YNL131W_mRNA,0,NA,NA,NA,1,215,223,TTTTTTTTT
YNL132W_mRNA,0,NA,NA,NA,0,NA,NA,NA
YNL134C_mRNA,0,NA,NA,NA,0,NA,NA,NA
YNL135C_mRNA,0,NA,NA,NA,0,NA,NA,NA
YNL136W_mRNA,0,NA,NA,NA,0,NA,NA,NA
YNL137C_mRNA,0,NA,NA,NA,1,71,78,TTTTTTTT
YNL138W_mRNA,0,NA,NA,NA,1,110,116,TTTTTTT
YNL141W_mRNA,0,NA,NA,NA,0,NA,NA,NA
YNL145W_mRNA,0,NA,NA,NA,0,NA,NA,NA
YNL147W_mRNA,0,NA,NA,NA,0,NA,NA,NA
YNL151C_mRNA,0,NA,NA,NA,0,NA,NA,NA
YNL155W_mRNA,0,NA,NA,NA,0,NA,NA,NA
YNL156C_mRNA,0,NA,NA,NA,0,NA,NA,NA
YNL160W_mRNA,0,NA,NA,NA,1,41,47,TTTTTTT
YNL161W_mRNA,1,92,98,TTTTTTT,0,NA,NA,NA
YNL162W_mRNA,0,NA,NA,NA,0,NA,NA,NA
YNL163C_mRNA,0,NA,NA,NA,0,NA,NA,NA
YNL164C_mRNA,0,NA,NA,NA,0,NA,NA,NA
YNL165W_mRNA,0,NA,NA,NA,0,NA,NA,NA
YNL166C_mRNA,0,NA,NA,NA,0,NA,NA,NA
YNL168C_mRNA,0,NA,NA,NA,0,NA,NA,NA
YNL173C_mRNA,0,NA,NA,NA,0,NA,NA,NA
YNL176C_mRNA,0,NA,NA,NA,0,NA,NA,NA
YNL177C_mRNA,0,NA,NA,NA,0,NA,NA,NA
YNL178W_mRNA,0,NA,NA,NA,0,NA,NA,NA
YNL181W_mRNA,0,NA,NA,NA,1,35,41,TTTTTTT
YNL182C_mRNA,0,NA,NA,NA,0,NA,NA,NA
YNL186W_mRNA,0,NA,NA,NA,0,NA,NA,NA
YNL189W_mRNA,0,NA,NA,NA,0,NA,NA,NA
YNL190W_mRNA,1,193,202,TTTTTTTTTT,2,187,194,TTTTTTTT
YNL191W_mRNA,0,NA,NA,NA,0,NA,NA,NA
YNL193W_mRNA,0,NA,NA,NA,0,NA,NA,NA
YNL200C_mRNA,0,NA,NA,NA,0,NA,NA,NA
YNL206C_mRNA,0,NA,NA,NA,1,64,70,TTTTTTT
YNL207W_mRNA,0,NA,NA,NA,1,58,64,TTTTTTT
YNL208W_mRNA,0,NA,NA,NA,0,NA,NA,NA
YNL209W_mRNA,0,NA,NA,NA,0,NA,NA,NA
YNL211C_mRNA,0,NA,NA,NA,0,NA,NA,NA
YNL212W_mRNA,0,NA,NA,NA,0,NA,NA,NA
YNL213C_mRNA,0,NA,NA,NA,0,NA,NA,NA
YNL214W_mRNA,0,NA,NA,NA,0,NA,NA,NA
YNL215W_mRNA,0,NA,NA,NA,0,NA,NA,NA
YNL217W_mRNA,0,NA,NA,NA,0,NA,NA,NA
YNL220W_mRNA,0,NA,NA,NA,0,NA,NA,NA
YNL222W_mRNA,0,NA,NA,NA,0,NA,NA,NA
YNL223W_mRNA,0,NA,NA,NA,0,NA,NA,NA
YNL224C_mRNA,0,NA,NA,NA,1,55,61,TTTTTTT
YNL232W_mRNA,0,NA,NA,NA,0,NA,NA,NA
YNL237W_mRNA,0,NA,NA,NA,1,82,90,TTTTTTTTT
YNL239W_mRNA,0,NA,NA,NA,0,NA,NA,NA
YNL244C_mRNA,0,NA,NA,NA,1,141,147,TTTTTTT
YNL246W_mRNA,0,NA,NA,NA,1,59,66,TTTTTTTT
YNL248C_mRNA,0,NA,NA,NA,1,45,55,TTTTTTTTTTT
YNL252C_mRNA,0,NA,NA,NA,0,NA,NA,NA
YNL255C_mRNA,0,NA,NA,NA,0,NA,NA,NA
YNL256W_mRNA,0,NA,NA,NA,1,48,55,TTTTTTTT
YNL263C_mRNA,0,NA,NA,NA,0,NA,NA,NA
YNL267W_mRNA,0,NA,NA,NA,0,NA,NA,NA
YNL268W_mRNA,0,NA,NA,NA,0,NA,NA,NA
YNL272C_mRNA,0,NA,NA,NA,0,NA,NA,NA
YNL274C_mRNA,0,NA,NA,NA,0,NA,NA,NA
YNL275W_mRNA,0,NA,NA,NA,0,NA,NA,NA
YNL283C_mRNA,1,290,296,TTTTTTT,0,NA,NA,NA
YNL287W_mRNA,1,61,67,TTTTTTT,0,NA,NA,NA
YNL288W_mRNA,0,NA,NA,NA,0,NA,NA,NA
YNL289W_mRNA,0,NA,NA,NA,0,NA,NA,NA
YNL290W_mRNA,0,NA,NA,NA,0,NA,NA,NA
YNL293W_mRNA,0,NA,NA,NA,0,NA,NA,NA
YNL294C_mRNA,0,NA,NA,NA,0,NA,NA,NA
YNL299W_mRNA,0,NA,NA,NA,0,NA,NA,NA
YNL300W_mRNA,0,NA,NA,NA,1,61,67,TTTTTTT
YNL301C_mRNA,0,NA,NA,NA,0,NA,NA,NA
YNL302C_mRNA,0,NA,NA,NA,1,178,184,TTTTTTT
YNL306W_mRNA,0,NA,NA,NA,1,88,94,TTTTTTT
YNL307C_mRNA,0,NA,NA,NA,2,64,70,TTTTTTT
YNL309W_mRNA,0,NA,NA,NA,0,NA,NA,NA
YNL310C_mRNA,0,NA,NA,NA,0,NA,NA,NA
YNL311C_mRNA,0,NA,NA,NA,0,NA,NA,NA
YNL312W_mRNA,0,NA,NA,NA,1,18,24,TTTTTTT
YNL315C_mRNA,0,NA,NA,NA,0,NA,NA,NA
YNL316C_mRNA,0,NA,NA,NA,0,NA,NA,NA
YNL317W_mRNA,0,NA,NA,NA,0,NA,NA,NA
YNL321W_mRNA,0,NA,NA,NA,0,NA,NA,NA
YNL322C_mRNA,0,NA,NA,NA,0,NA,NA,NA
YNL326C_mRNA,0,NA,NA,NA,0,NA,NA,NA
YNL327W_mRNA,0,NA,NA,NA,1,72,78,TTTTTTT
YNL330C_mRNA,0,NA,NA,NA,0,NA,NA,NA
YNR003C_mRNA,0,NA,NA,NA,0,NA,NA,NA
YNR009W_mRNA,0,NA,NA,NA,0,NA,NA,NA
YNR010W_mRNA,0,NA,NA,NA,0,NA,NA,NA
YNR012W_mRNA,0,NA,NA,NA,0,NA,NA,NA
YNR015W_mRNA,0,NA,NA,NA,0,NA,NA,NA
YNR017W_mRNA,0,NA,NA,NA,0,NA,NA,NA
YNR018W_mRNA,0,NA,NA,NA,0,NA,NA,NA
YNR021W_mRNA,0,NA,NA,NA,0,NA,NA,NA
YNR022C_mRNA,0,NA,NA,NA,0,NA,NA,NA
YNR024W_mRNA,0,NA,NA,NA,1,77,83,TTTTTTT
YNR028W_mRNA,0,NA,NA,NA,0,NA,NA,NA
YNR030W_mRNA,0,NA,NA,NA,0,NA,NA,NA
YNR032C-A_mRNA,0,NA,NA,NA,1,15,27,TTTTTTTTTTTTT
YNR032W_mRNA,0,NA,NA,NA,0,NA,NA,NA
YNR034W_mRNA,0,NA,NA,NA,1,86,92,TTTTTTT
YNR034W-A_mRNA,0,NA,NA,NA,2,58,64,TTTTTTT
YNR035C_mRNA,0,NA,NA,NA,0,NA,NA,NA
YNR036C_mRNA,0,NA,NA,NA,0,NA,NA,NA
YNR037C_mRNA,0,NA,NA,NA,0,NA,NA,NA
YNR038W_mRNA,0,NA,NA,NA,1,51,61,TTTTTTTTTTT
YNR040W_mRNA,0,NA,NA,NA,0,NA,NA,NA
YNR043W_mRNA,0,NA,NA,NA,1,46,52,TTTTTTT
YNR045W_mRNA,0,NA,NA,NA,0,NA,NA,NA
YNR046W_mRNA,0,NA,NA,NA,0,NA,NA,NA
YNR052C_mRNA,0,NA,NA,NA,0,NA,NA,NA
YNR054C_mRNA,0,NA,NA,NA,0,NA,NA,NA
YNR055C_mRNA,0,NA,NA,NA,1,50,59,TTTTTTTTTT
YNR061C_mRNA,0,NA,NA,NA,1,53,59,TTTTTTT
YNR067C_mRNA,0,NA,NA,NA,0,NA,NA,NA
YOL002C_mRNA,0,NA,NA,NA,0,NA,NA,NA
YOL005C_mRNA,0,NA,NA,NA,0,NA,NA,NA
YOL007C_mRNA,0,NA,NA,NA,0,NA,NA,NA
YOL008W_mRNA,0,NA,NA,NA,0,NA,NA,NA
YOL010W_mRNA,0,NA,NA,NA,0,NA,NA,NA
YOL012C_mRNA,0,NA,NA,NA,0,NA,NA,NA
YOL014W_mRNA,0,NA,NA,NA,0,NA,NA,NA
YOL016C_mRNA,0,NA,NA,NA,0,NA,NA,NA
YOL018C_mRNA,0,NA,NA,NA,0,NA,NA,NA
YOL019W_mRNA,0,NA,NA,NA,1,24,36,TTTTTTTTTTTTT
YOL020W_mRNA,0,NA,NA,NA,1,41,49,TTTTTTTTT
YOL021C_mRNA,0,NA,NA,NA,0,NA,NA,NA
YOL023W_mRNA,0,NA,NA,NA,0,NA,NA,NA
YOL026C_mRNA,0,NA,NA,NA,0,NA,NA,NA
YOL027C_mRNA,0,NA,NA,NA,0,NA,NA,NA
YOL030W_mRNA,0,NA,NA,NA,0,NA,NA,NA
YOL033W_mRNA,0,NA,NA,NA,0,NA,NA,NA
YOL034W_mRNA,0,NA,NA,NA,0,NA,NA,NA
YOL036W_mRNA,0,NA,NA,NA,0,NA,NA,NA
YOL038C-A_mRNA,0,NA,NA,NA,2,97,106,TTTTTTTTTT
YOL038W_mRNA,0,NA,NA,NA,0,NA,NA,NA
YOL039W_mRNA,1,95,101,TTTTTTT,1,106,112,TTTTTTT
YOL040C_mRNA,0,NA,NA,NA,0,NA,NA,NA
YOL042W_mRNA,0,NA,NA,NA,1,31,37,TTTTTTT
YOL049W_mRNA,0,NA,NA,NA,0,NA,NA,NA
YOL052C-A_mRNA,0,NA,NA,NA,1,131,138,TTTTTTTT
YOL056W_mRNA,0,NA,NA,NA,1,34,40,TTTTTTT
YOL057W_mRNA,0,NA,NA,NA,0,NA,NA,NA
YOL058W_mRNA,0,NA,NA,NA,0,NA,NA,NA
YOL061W_mRNA,0,NA,NA,NA,2,21,27,TTTTTTT
YOL071W_mRNA,0,NA,NA,NA,1,29,36,TTTTTTTT
YOL072W_mRNA,0,NA,NA,NA,0,NA,NA,NA
YOL073C_mRNA,0,NA,NA,NA,0,NA,NA,NA
YOL076W_mRNA,0,NA,NA,NA,1,57,69,TTTTTTTTTTTTT
YOL077C_mRNA,0,NA,NA,NA,0,NA,NA,NA
YOL077W-A_mRNA,0,NA,NA,NA,0,NA,NA,NA
YOL080C_mRNA,0,NA,NA,NA,0,NA,NA,NA
YOL082W_mRNA,0,NA,NA,NA,0,NA,NA,NA
YOL083W_mRNA,0,NA,NA,NA,0,NA,NA,NA
YOL086C_mRNA,0,NA,NA,NA,0,NA,NA,NA
YOL086W-A_mRNA,0,NA,NA,NA,1,54,61,TTTTTTTT
YOL088C_mRNA,0,NA,NA,NA,0,NA,NA,NA
YOL090W_mRNA,0,NA,NA,NA,0,NA,NA,NA
YOL092W_mRNA,0,NA,NA,NA,0,NA,NA,NA
YOL093W_mRNA,0,NA,NA,NA,0,NA,NA,NA
YOL094C_mRNA,0,NA,NA,NA,0,NA,NA,NA
YOL096C_mRNA,0,NA,NA,NA,0,NA,NA,NA
YOL097C_mRNA,0,NA,NA,NA,0,NA,NA,NA
YOL102C_mRNA,0,NA,NA,NA,0,NA,NA,NA
YOL105C_mRNA,2,262,268,TTTTTTT,0,NA,NA,NA
YOL109W_mRNA,1,24,30,TTTTTTT,1,46,52,TTTTTTT
YOL112W_mRNA,0,NA,NA,NA,0,NA,NA,NA
YOL120C_mRNA,0,NA,NA,NA,0,NA,NA,NA
YOL121C_mRNA,0,NA,NA,NA,0,NA,NA,NA
YOL122C_mRNA,0,NA,NA,NA,0,NA,NA,NA
YOL123W_mRNA,0,NA,NA,NA,0,NA,NA,NA
YOL124C_mRNA,0,NA,NA,NA,0,NA,NA,NA
YOL126C_mRNA,0,NA,NA,NA,0,NA,NA,NA
YOL127W_mRNA,0,NA,NA,NA,0,NA,NA,NA
YOL129W_mRNA,0,NA,NA,NA,0,NA,NA,NA
YOL133W_mRNA,0,NA,NA,NA,1,65,73,TTTTTTTTT
YOL136C_mRNA,0,NA,NA,NA,1,194,200,TTTTTTT
YOL139C_mRNA,0,NA,NA,NA,0,NA,NA,NA
YOL142W_mRNA,0,NA,NA,NA,0,NA,NA,NA
YOL143C_mRNA,0,NA,NA,NA,0,NA,NA,NA
YOL144W_mRNA,0,NA,NA,NA,0,NA,NA,NA
YOL146W_mRNA,0,NA,NA,NA,0,NA,NA,NA
YOL147C_mRNA,0,NA,NA,NA,1,17,26,TTTTTTTTTT
YOL158C_mRNA,0,NA,NA,NA,0,NA,NA,NA
YOL159C_mRNA,0,NA,NA,NA,0,NA,NA,NA
YOR001W_mRNA,0,NA,NA,NA,1,22,28,TTTTTTT
YOR002W_mRNA,0,NA,NA,NA,0,NA,NA,NA
YOR004W_mRNA,0,NA,NA,NA,0,NA,NA,NA
YOR006C_mRNA,0,NA,NA,NA,0,NA,NA,NA
YOR007C_mRNA,0,NA,NA,NA,0,NA,NA,NA
YOR008C_mRNA,0,NA,NA,NA,2,219,227,TTTTTTTTT
YOR016C_mRNA,0,NA,NA,NA,1,78,85,TTTTTTTT
YOR017W_mRNA,0,NA,NA,NA,0,NA,NA,NA
YOR018W_mRNA,0,NA,NA,NA,0,NA,NA,NA
YOR020C_mRNA,0,NA,NA,NA,0,NA,NA,NA
YOR020W-A_mRNA,2,326,332,TTTTTTT,0,NA,NA,NA
YOR021C_mRNA,0,NA,NA,NA,0,NA,NA,NA
YOR036W_mRNA,0,NA,NA,NA,0,NA,NA,NA
YOR037W_mRNA,0,NA,NA,NA,0,NA,NA,NA
YOR039W_mRNA,0,NA,NA,NA,0,NA,NA,NA
YOR042W_mRNA,0,NA,NA,NA,0,NA,NA,NA
YOR045W_mRNA,0,NA,NA,NA,0,NA,NA,NA
YOR046C_mRNA,0,NA,NA,NA,0,NA,NA,NA
YOR047C_mRNA,0,NA,NA,NA,0,NA,NA,NA
YOR051C_mRNA,0,NA,NA,NA,0,NA,NA,NA
YOR052C_mRNA,0,NA,NA,NA,1,156,171,TTTTTTTTTTTTTTTT
YOR054C_mRNA,0,NA,NA,NA,0,NA,NA,NA
YOR056C_mRNA,0,NA,NA,NA,0,NA,NA,NA
YOR057W_mRNA,0,NA,NA,NA,0,NA,NA,NA
YOR061W_mRNA,0,NA,NA,NA,0,NA,NA,NA
YOR063W_mRNA,0,NA,NA,NA,0,NA,NA,NA
YOR066W_mRNA,0,NA,NA,NA,0,NA,NA,NA
YOR067C_mRNA,0,NA,NA,NA,0,NA,NA,NA
YOR069W_mRNA,0,NA,NA,NA,0,NA,NA,NA
YOR070C_mRNA,0,NA,NA,NA,0,NA,NA,NA
YOR075W_mRNA,0,NA,NA,NA,0,NA,NA,NA
YOR079C_mRNA,0,NA,NA,NA,0,NA,NA,NA
YOR085W_mRNA,0,NA,NA,NA,1,9,19,TTTTTTTTTTT
YOR086C_mRNA,1,89,98,TTTTTTTTTT,0,NA,NA,NA
YOR089C_mRNA,0,NA,NA,NA,0,NA,NA,NA
YOR091W_mRNA,0,NA,NA,NA,0,NA,NA,NA
YOR092W_mRNA,0,NA,NA,NA,1,115,121,TTTTTTT
YOR094W_mRNA,0,NA,NA,NA,0,NA,NA,NA
YOR095C_mRNA,0,NA,NA,NA,1,110,117,TTTTTTTT
YOR096W_mRNA,0,NA,NA,NA,0,NA,NA,NA
YOR099W_mRNA,0,NA,NA,NA,2,44,50,TTTTTTT
YOR100C_mRNA,0,NA,NA,NA,1,35,41,TTTTTTT
YOR101W_mRNA,0,NA,NA,NA,0,NA,NA,NA
YOR103C_mRNA,0,NA,NA,NA,0,NA,NA,NA
YOR107W_mRNA,0,NA,NA,NA,0,NA,NA,NA
YOR108W_mRNA,0,NA,NA,NA,0,NA,NA,NA
YOR112W_mRNA,0,NA,NA,NA,0,NA,NA,NA
YOR115C_mRNA,0,NA,NA,NA,0,NA,NA,NA
YOR117W_mRNA,0,NA,NA,NA,0,NA,NA,NA
YOR118W_mRNA,0,NA,NA,NA,0,NA,NA,NA
YOR120W_mRNA,0,NA,NA,NA,0,NA,NA,NA
YOR126C_mRNA,0,NA,NA,NA,0,NA,NA,NA
YOR128C_mRNA,0,NA,NA,NA,0,NA,NA,NA
YOR129C_mRNA,0,NA,NA,NA,0,NA,NA,NA
YOR130C_mRNA,0,NA,NA,NA,0,NA,NA,NA
YOR132W_mRNA,1,38,46,TTTTTTTTT,0,NA,NA,NA
YOR133W_mRNA,0,NA,NA,NA,0,NA,NA,NA
YOR136W_mRNA,0,NA,NA,NA,0,NA,NA,NA
YOR141C_mRNA,0,NA,NA,NA,1,31,37,TTTTTTT
YOR142W_mRNA,0,NA,NA,NA,0,NA,NA,NA
YOR143C_mRNA,0,NA,NA,NA,0,NA,NA,NA
YOR144C_mRNA,0,NA,NA,NA,0,NA,NA,NA
YOR145C_mRNA,0,NA,NA,NA,0,NA,NA,NA
YOR147W_mRNA,0,NA,NA,NA,0,NA,NA,NA
YOR148C_mRNA,0,NA,NA,NA,0,NA,NA,NA
YOR149C_mRNA,0,NA,NA,NA,0,NA,NA,NA
YOR150W_mRNA,0,NA,NA,NA,1,24,30,TTTTTTT
YOR155C_mRNA,0,NA,NA,NA,0,NA,NA,NA
YOR156C_mRNA,0,NA,NA,NA,1,143,149,TTTTTTT
YOR158W_mRNA,0,NA,NA,NA,0,NA,NA,NA
YOR160W_mRNA,0,NA,NA,NA,0,NA,NA,NA
YOR163W_mRNA,0,NA,NA,NA,0,NA,NA,NA
YOR165W_mRNA,0,NA,NA,NA,0,NA,NA,NA
YOR166C_mRNA,0,NA,NA,NA,0,NA,NA,NA
YOR167C_mRNA,0,NA,NA,NA,0,NA,NA,NA
YOR168W_mRNA,0,NA,NA,NA,0,NA,NA,NA
YOR173W_mRNA,0,NA,NA,NA,0,NA,NA,NA
YOR174W_mRNA,0,NA,NA,NA,0,NA,NA,NA
YOR176W_mRNA,0,NA,NA,NA,0,NA,NA,NA
YOR181W_mRNA,0,NA,NA,NA,0,NA,NA,NA
YOR182C_mRNA,0,NA,NA,NA,0,NA,NA,NA
YOR185C_mRNA,0,NA,NA,NA,0,NA,NA,NA
YOR187W_mRNA,0,NA,NA,NA,0,NA,NA,NA
YOR189W_mRNA,0,NA,NA,NA,0,NA,NA,NA
YOR196C_mRNA,0,NA,NA,NA,0,NA,NA,NA
YOR197W_mRNA,0,NA,NA,NA,1,68,74,TTTTTTT
YOR198C_mRNA,1,35,47,TTTTTTTTTTTTT,1,74,80,TTTTTTT
YOR205C_mRNA,0,NA,NA,NA,0,NA,NA,NA
YOR209C_mRNA,1,47,53,TTTTTTT,0,NA,NA,NA
YOR210W_mRNA,0,NA,NA,NA,0,NA,NA,NA
YOR212W_mRNA,0,NA,NA,NA,0,NA,NA,NA
YOR215C_mRNA,0,NA,NA,NA,1,154,168,TTTTTTTTTTTTTTT
YOR216C_mRNA,1,45,52,TTTTTTTT,0,NA,NA,NA
YOR217W_mRNA,0,NA,NA,NA,0,NA,NA,NA
YOR220W_mRNA,0,NA,NA,NA,0,NA,NA,NA
YOR221C_mRNA,0,NA,NA,NA,0,NA,NA,NA
YOR222W_mRNA,0,NA,NA,NA,0,NA,NA,NA
YOR224C_mRNA,0,NA,NA,NA,0,NA,NA,NA
YOR226C_mRNA,0,NA,NA,NA,1,56,65,TTTTTTTTTT
YOR227W_mRNA,0,NA,NA,NA,0,NA,NA,NA
YOR230W_mRNA,0,NA,NA,NA,0,NA,NA,NA
YOR232W_mRNA,0,NA,NA,NA,0,NA,NA,NA
YOR234C_mRNA,0,NA,NA,NA,0,NA,NA,NA
YOR236W_mRNA,0,NA,NA,NA,1,22,29,TTTTTTTT
YOR243C_mRNA,0,NA,NA,NA,1,42,48,TTTTTTT
YOR244W_mRNA,0,NA,NA,NA,0,NA,NA,NA
YOR246C_mRNA,0,NA,NA,NA,0,NA,NA,NA
YOR250C_mRNA,0,NA,NA,NA,0,NA,NA,NA
YOR252W_mRNA,0,NA,NA,NA,0,NA,NA,NA
YOR253W_mRNA,0,NA,NA,NA,1,19,34,TTTTTTTTTTTTTTTT
YOR254C_mRNA,0,NA,NA,NA,0,NA,NA,NA
YOR257W_mRNA,0,NA,NA,NA,0,NA,NA,NA
YOR258W_mRNA,0,NA,NA,NA,0,NA,NA,NA
YOR260W_mRNA,0,NA,NA,NA,0,NA,NA,NA
YOR262W_mRNA,0,NA,NA,NA,0,NA,NA,NA
YOR264W_mRNA,0,NA,NA,NA,0,NA,NA,NA
YOR265W_mRNA,0,NA,NA,NA,0,NA,NA,NA
YOR270C_mRNA,0,NA,NA,NA,0,NA,NA,NA
YOR272W_mRNA,0,NA,NA,NA,0,NA,NA,NA
YOR273C_mRNA,0,NA,NA,NA,1,125,135,TTTTTTTTTTT
YOR274W_mRNA,0,NA,NA,NA,0,NA,NA,NA
YOR275C_mRNA,0,NA,NA,NA,0,NA,NA,NA
YOR276W_mRNA,0,NA,NA,NA,1,66,73,TTTTTTTT
YOR278W_mRNA,0,NA,NA,NA,0,NA,NA,NA
YOR279C_mRNA,0,NA,NA,NA,0,NA,NA,NA
YOR280C_mRNA,0,NA,NA,NA,0,NA,NA,NA
YOR285W_mRNA,0,NA,NA,NA,0,NA,NA,NA
YOR286W_mRNA,0,NA,NA,NA,1,156,162,TTTTTTT
YOR287C_mRNA,0,NA,NA,NA,0,NA,NA,NA
YOR289W_mRNA,0,NA,NA,NA,0,NA,NA,NA
YOR292C_mRNA,0,NA,NA,NA,0,NA,NA,NA
YOR293W_mRNA,0,NA,NA,NA,0,NA,NA,NA
YOR294W_mRNA,0,NA,NA,NA,1,56,63,TTTTTTTT
YOR295W_mRNA,0,NA,NA,NA,0,NA,NA,NA
YOR297C_mRNA,0,NA,NA,NA,1,21,29,TTTTTTTTT
YOR298C-A_mRNA,0,NA,NA,NA,4,101,107,TTTTTTT
YOR305W_mRNA,0,NA,NA,NA,0,NA,NA,NA
YOR311C_mRNA,0,NA,NA,NA,0,NA,NA,NA
YOR312C_mRNA,0,NA,NA,NA,0,NA,NA,NA
YOR317W_mRNA,0,NA,NA,NA,0,NA,NA,NA
YOR320C_mRNA,0,NA,NA,NA,0,NA,NA,NA
YOR321W_mRNA,0,NA,NA,NA,0,NA,NA,NA
YOR322C_mRNA,0,NA,NA,NA,0,NA,NA,NA
YOR323C_mRNA,0,NA,NA,NA,0,NA,NA,NA
YOR327C_mRNA,0,NA,NA,NA,0,NA,NA,NA
YOR332W_mRNA,0,NA,NA,NA,1,54,62,TTTTTTTTT
YOR340C_mRNA,0,NA,NA,NA,0,NA,NA,NA
YOR342C_mRNA,0,NA,NA,NA,0,NA,NA,NA
YOR347C_mRNA,0,NA,NA,NA,1,22,29,TTTTTTTT
YOR352W_mRNA,0,NA,NA,NA,0,NA,NA,NA
YOR354C_mRNA,0,NA,NA,NA,0,NA,NA,NA
YOR356W_mRNA,0,NA,NA,NA,0,NA,NA,NA
YOR357C_mRNA,0,NA,NA,NA,0,NA,NA,NA
YOR358W_mRNA,0,NA,NA,NA,2,81,87,TTTTTTT
YOR360C_mRNA,0,NA,NA,NA,0,NA,NA,NA
YOR367W_mRNA,0,NA,NA,NA,0,NA,NA,NA
YOR368W_mRNA,0,NA,NA,NA,0,NA,NA,NA
YOR369C_mRNA,0,NA,NA,NA,0,NA,NA,NA
YOR374W_mRNA,0,NA,NA,NA,1,133,139,TTTTTTT
YOR375C_mRNA,0,NA,NA,NA,1,50,57,TTTTTTTT
YOR382W_mRNA,0,NA,NA,NA,1,118,124,TTTTTTT
YOR383C_mRNA,0,NA,NA,NA,0,NA,NA,NA
YPL001W_mRNA,0,NA,NA,NA,0,NA,NA,NA
YPL004C_mRNA,0,NA,NA,NA,0,NA,NA,NA
YPL006W_mRNA,0,NA,NA,NA,0,NA,NA,NA
YPL008W_mRNA,0,NA,NA,NA,0,NA,NA,NA
YPL010W_mRNA,0,NA,NA,NA,0,NA,NA,NA
YPL011C_mRNA,0,NA,NA,NA,0,NA,NA,NA
YPL013C_mRNA,0,NA,NA,NA,0,NA,NA,NA
YPL014W_mRNA,0,NA,NA,NA,0,NA,NA,NA
YPL015C_mRNA,0,NA,NA,NA,1,33,41,TTTTTTTTT
YPL019C_mRNA,1,49,55,TTTTTTT,0,NA,NA,NA
YPL022W_mRNA,0,NA,NA,NA,1,166,172,TTTTTTT
YPL023C_mRNA,0,NA,NA,NA,0,NA,NA,NA
YPL026C_mRNA,0,NA,NA,NA,3,89,96,TTTTTTTT
YPL028W_mRNA,0,NA,NA,NA,0,NA,NA,NA
YPL030W_mRNA,0,NA,NA,NA,0,NA,NA,NA
YPL031C_mRNA,0,NA,NA,NA,0,NA,NA,NA
YPL034W_mRNA,0,NA,NA,NA,0,NA,NA,NA
YPL037C_mRNA,0,NA,NA,NA,2,57,64,TTTTTTTT
YPL038W_mRNA,0,NA,NA,NA,0,NA,NA,NA
YPL043W_mRNA,0,NA,NA,NA,0,NA,NA,NA
YPL046C_mRNA,0,NA,NA,NA,0,NA,NA,NA
YPL047W_mRNA,0,NA,NA,NA,0,NA,NA,NA
YPL048W_mRNA,0,NA,NA,NA,0,NA,NA,NA
YPL053C_mRNA,0,NA,NA,NA,0,NA,NA,NA
YPL054W_mRNA,0,NA,NA,NA,0,NA,NA,NA
YPL055C_mRNA,0,NA,NA,NA,0,NA,NA,NA
YPL057C_mRNA,0,NA,NA,NA,2,237,243,TTTTTTT
YPL059W_mRNA,0,NA,NA,NA,1,112,118,TTTTTTT
YPL061W_mRNA,0,NA,NA,NA,0,NA,NA,NA
YPL063W_mRNA,0,NA,NA,NA,0,NA,NA,NA
YPL064C_mRNA,0,NA,NA,NA,0,NA,NA,NA
YPL069C_mRNA,0,NA,NA,NA,0,NA,NA,NA
YPL070W_mRNA,0,NA,NA,NA,0,NA,NA,NA
YPL072W_mRNA,0,NA,NA,NA,0,NA,NA,NA
YPL074W_mRNA,0,NA,NA,NA,0,NA,NA,NA
YPL076W_mRNA,0,NA,NA,NA,1,602,608,TTTTTTT
YPL078C_mRNA,0,NA,NA,NA,1,223,229,TTTTTTT
YPL079W_mRNA,0,NA,NA,NA,0,NA,NA,NA
YPL081W_mRNA,0,NA,NA,NA,0,NA,NA,NA
YPL084W_mRNA,0,NA,NA,NA,1,36,45,TTTTTTTTTT
YPL086C_mRNA,0,NA,NA,NA,0,NA,NA,NA
YPL087W_mRNA,0,NA,NA,NA,0,NA,NA,NA
YPL090C_mRNA,0,NA,NA,NA,0,NA,NA,NA
YPL091W_mRNA,0,NA,NA,NA,1,129,137,TTTTTTTTT
YPL092W_mRNA,0,NA,NA,NA,0,NA,NA,NA
YPL093W_mRNA,0,NA,NA,NA,1,181,188,TTTTTTTT
YPL094C_mRNA,0,NA,NA,NA,0,NA,NA,NA
YPL096C-A_mRNA,0,NA,NA,NA,1,96,103,TTTTTTTT
YPL096W_mRNA,0,NA,NA,NA,0,NA,NA,NA
YPL097W_mRNA,0,NA,NA,NA,0,NA,NA,NA
YPL098C_mRNA,0,NA,NA,NA,0,NA,NA,NA
YPL099C_mRNA,0,NA,NA,NA,0,NA,NA,NA
YPL101W_mRNA,0,NA,NA,NA,1,67,73,TTTTTTT
YPL103C_mRNA,0,NA,NA,NA,0,NA,NA,NA
YPL104W_mRNA,0,NA,NA,NA,0,NA,NA,NA
YPL105C_mRNA,0,NA,NA,NA,0,NA,NA,NA
YPL106C_mRNA,0,NA,NA,NA,1,53,59,TTTTTTT
YPL109C_mRNA,0,NA,NA,NA,0,NA,NA,NA
YPL111W_mRNA,0,NA,NA,NA,0,NA,NA,NA
YPL118W_mRNA,0,NA,NA,NA,0,NA,NA,NA
YPL122C_mRNA,0,NA,NA,NA,0,NA,NA,NA
YPL123C_mRNA,0,NA,NA,NA,0,NA,NA,NA
YPL127C_mRNA,0,NA,NA,NA,1,114,120,TTTTTTT
YPL129W_mRNA,0,NA,NA,NA,0,NA,NA,NA
YPL131W_mRNA,0,NA,NA,NA,0,NA,NA,NA
YPL132W_mRNA,0,NA,NA,NA,0,NA,NA,NA
YPL134C_mRNA,0,NA,NA,NA,0,NA,NA,NA
YPL135W_mRNA,0,NA,NA,NA,0,NA,NA,NA
YPL143W_mRNA,0,NA,NA,NA,0,NA,NA,NA
YPL144W_mRNA,0,NA,NA,NA,0,NA,NA,NA
YPL145C_mRNA,1,86,94,TTTTTTTTT,1,301,307,TTTTTTT
YPL148C_mRNA,0,NA,NA,NA,0,NA,NA,NA
YPL149W_mRNA,0,NA,NA,NA,0,NA,NA,NA
YPL156C_mRNA,0,NA,NA,NA,0,NA,NA,NA
YPL157W_mRNA,0,NA,NA,NA,1,176,183,TTTTTTTT
YPL158C_mRNA,0,NA,NA,NA,0,NA,NA,NA
YPL160W_mRNA,1,19,25,TTTTTTT,0,NA,NA,NA
YPL168W_mRNA,0,NA,NA,NA,1,4,10,TTTTTTT
YPL169C_mRNA,0,NA,NA,NA,0,NA,NA,NA
YPL170W_mRNA,0,NA,NA,NA,0,NA,NA,NA
YPL171C_mRNA,0,NA,NA,NA,0,NA,NA,NA
YPL173W_mRNA,0,NA,NA,NA,1,53,59,TTTTTTT
YPL174C_mRNA,0,NA,NA,NA,0,NA,NA,NA
YPL178W_mRNA,0,NA,NA,NA,0,NA,NA,NA
YPL179W_mRNA,0,NA,NA,NA,3,91,97,TTTTTTT
YPL181W_mRNA,0,NA,NA,NA,0,NA,NA,NA
YPL183C_mRNA,0,NA,NA,NA,0,NA,NA,NA
YPL183W-A_mRNA,0,NA,NA,NA,0,NA,NA,NA
YPL186C_mRNA,0,NA,NA,NA,2,16,23,TTTTTTTT
YPL189C-A_mRNA,0,NA,NA,NA,0,NA,NA,NA
YPL190C_mRNA,0,NA,NA,NA,0,NA,NA,NA
YPL198W_mRNA,0,NA,NA,NA,0,NA,NA,NA
YPL199C_mRNA,0,NA,NA,NA,1,34,41,TTTTTTTT
YPL202C_mRNA,0,NA,NA,NA,0,NA,NA,NA
YPL203W_mRNA,0,NA,NA,NA,0,NA,NA,NA
YPL204W_mRNA,0,NA,NA,NA,0,NA,NA,NA
YPL206C_mRNA,0,NA,NA,NA,0,NA,NA,NA
YPL207W_mRNA,0,NA,NA,NA,0,NA,NA,NA
YPL208W_mRNA,0,NA,NA,NA,0,NA,NA,NA
YPL210C_mRNA,0,NA,NA,NA,0,NA,NA,NA
YPL211W_mRNA,0,NA,NA,NA,1,71,77,TTTTTTT
YPL212C_mRNA,0,NA,NA,NA,1,148,156,TTTTTTTTT
YPL214C_mRNA,0,NA,NA,NA,0,NA,NA,NA
YPL215W_mRNA,0,NA,NA,NA,0,NA,NA,NA
YPL218W_mRNA,0,NA,NA,NA,0,NA,NA,NA
YPL220W_mRNA,0,NA,NA,NA,0,NA,NA,NA
YPL221W_mRNA,1,77,83,TTTTTTT,0,NA,NA,NA
YPL222W_mRNA,0,NA,NA,NA,0,NA,NA,NA
YPL224C_mRNA,1,43,50,TTTTTTTT,0,NA,NA,NA
YPL225W_mRNA,0,NA,NA,NA,0,NA,NA,NA
YPL226W_mRNA,0,NA,NA,NA,0,NA,NA,NA
YPL227C_mRNA,0,NA,NA,NA,0,NA,NA,NA
YPL228W_mRNA,1,84,90,TTTTTTT,1,53,60,TTTTTTTT
YPL229W_mRNA,0,NA,NA,NA,0,NA,NA,NA
YPL230W_mRNA,0,NA,NA,NA,1,103,109,TTTTTTT
YPL232W_mRNA,0,NA,NA,NA,0,NA,NA,NA
YPL234C_mRNA,0,NA,NA,NA,0,NA,NA,NA
YPL235W_mRNA,0,NA,NA,NA,0,NA,NA,NA
YPL236C_mRNA,0,NA,NA,NA,0,NA,NA,NA
YPL237W_mRNA,0,NA,NA,NA,0,NA,NA,NA
YPL239W_mRNA,0,NA,NA,NA,0,NA,NA,NA
YPL240C_mRNA,0,NA,NA,NA,1,131,137,TTTTTTT
YPL243W_mRNA,1,58,64,TTTTTTT,0,NA,NA,NA
YPL244C_mRNA,0,NA,NA,NA,1,70,76,TTTTTTT
YPL249C_mRNA,0,NA,NA,NA,0,NA,NA,NA
YPL249C-A_mRNA,0,NA,NA,NA,0,NA,NA,NA
YPL250C_mRNA,0,NA,NA,NA,2,114,128,TTTTTTTTTTTTTTT
YPL252C_mRNA,0,NA,NA,NA,0,NA,NA,NA
YPL253C_mRNA,0,NA,NA,NA,0,NA,NA,NA
YPL254W_mRNA,0,NA,NA,NA,0,NA,NA,NA
YPL255W_mRNA,0,NA,NA,NA,0,NA,NA,NA
YPL260W_mRNA,0,NA,NA,NA,0,NA,NA,NA
YPL262W_mRNA,2,120,127,TTTTTTTT,0,NA,NA,NA
YPL265W_mRNA,0,NA,NA,NA,0,NA,NA,NA
YPL266W_mRNA,0,NA,NA,NA,0,NA,NA,NA
YPL267W_mRNA,0,NA,NA,NA,0,NA,NA,NA
YPL269W_mRNA,0,NA,NA,NA,0,NA,NA,NA
YPL270W_mRNA,0,NA,NA,NA,0,NA,NA,NA
YPL271W_mRNA,0,NA,NA,NA,1,31,37,TTTTTTT
YPL273W_mRNA,0,NA,NA,NA,0,NA,NA,NA
YPL274W_mRNA,0,NA,NA,NA,0,NA,NA,NA
YPR002W_mRNA,0,NA,NA,NA,0,NA,NA,NA
YPR003C_mRNA,0,NA,NA,NA,0,NA,NA,NA
YPR004C_mRNA,0,NA,NA,NA,0,NA,NA,NA
YPR013C_mRNA,1,328,334,TTTTTTT,0,NA,NA,NA
YPR016C_mRNA,0,NA,NA,NA,1,111,118,TTTTTTTT
YPR017C_mRNA,0,NA,NA,NA,0,NA,NA,NA
YPR018W_mRNA,0,NA,NA,NA,0,NA,NA,NA
YPR020W_mRNA,0,NA,NA,NA,0,NA,NA,NA
YPR024W_mRNA,0,NA,NA,NA,0,NA,NA,NA
YPR028W_mRNA,0,NA,NA,NA,0,NA,NA,NA
YPR029C_mRNA,0,NA,NA,NA,0,NA,NA,NA
YPR034W_mRNA,0,NA,NA,NA,0,NA,NA,NA
YPR035W_mRNA,0,NA,NA,NA,1,25,32,TTTTTTTT
YPR036W_mRNA,0,NA,NA,NA,0,NA,NA,NA
YPR036W-A_mRNA,0,NA,NA,NA,1,85,98,TTTTTTTTTTTTTT
YPR041W_mRNA,1,56,63,TTTTTTTT,0,NA,NA,NA
YPR043W_mRNA,1,13,19,TTTTTTT,0,NA,NA,NA
YPR046W_mRNA,0,NA,NA,NA,0,NA,NA,NA
YPR048W_mRNA,0,NA,NA,NA,0,NA,NA,NA
YPR049C_mRNA,0,NA,NA,NA,0,NA,NA,NA
YPR051W_mRNA,0,NA,NA,NA,1,49,55,TTTTTTT
YPR055W_mRNA,0,NA,NA,NA,0,NA,NA,NA
YPR056W_mRNA,0,NA,NA,NA,0,NA,NA,NA
YPR058W_mRNA,0,NA,NA,NA,0,NA,NA,NA
YPR062W_mRNA,0,NA,NA,NA,0,NA,NA,NA
YPR063C_mRNA,0,NA,NA,NA,1,98,104,TTTTTTT
YPR065W_mRNA,0,NA,NA,NA,1,4,13,TTTTTTTTTT
YPR069C_mRNA,0,NA,NA,NA,0,NA,NA,NA
YPR070W_mRNA,0,NA,NA,NA,1,341,347,TTTTTTT
YPR072W_mRNA,1,63,69,TTTTTTT,0,NA,NA,NA
YPR073C_mRNA,0,NA,NA,NA,1,212,218,TTTTTTT
YPR074C_mRNA,0,NA,NA,NA,1,85,91,TTTTTTT
YPR080W_mRNA,0,NA,NA,NA,0,NA,NA,NA
YPR082C_mRNA,0,NA,NA,NA,0,NA,NA,NA
YPR083W_mRNA,0,NA,NA,NA,0,NA,NA,NA
YPR086W_mRNA,0,NA,NA,NA,1,159,169,TTTTTTTTTTT
YPR089W_mRNA,0,NA,NA,NA,0,NA,NA,NA
YPR091C_mRNA,0,NA,NA,NA,0,NA,NA,NA
YPR094W_mRNA,2,49,57,TTTTTTTTT,0,NA,NA,NA
YPR097W_mRNA,0,NA,NA,NA,0,NA,NA,NA
YPR098C_mRNA,0,NA,NA,NA,1,227,233,TTTTTTT
YPR100W_mRNA,0,NA,NA,NA,0,NA,NA,NA
YPR101W_mRNA,0,NA,NA,NA,0,NA,NA,NA
YPR102C_mRNA,1,89,97,TTTTTTTTT,1,54,61,TTTTTTTT
YPR103W_mRNA,0,NA,NA,NA,0,NA,NA,NA
YPR106W_mRNA,0,NA,NA,NA,0,NA,NA,NA
YPR108W_mRNA,0,NA,NA,NA,0,NA,NA,NA
YPR110C_mRNA,0,NA,NA,NA,0,NA,NA,NA
YPR111W_mRNA,0,NA,NA,NA,0,NA,NA,NA
YPR113W_mRNA,0,NA,NA,NA,1,21,27,TTTTTTT
YPR114W_mRNA,0,NA,NA,NA,0,NA,NA,NA
YPR118W_mRNA,0,NA,NA,NA,0,NA,NA,NA
YPR124W_mRNA,0,NA,NA,NA,0,NA,NA,NA
YPR125W_mRNA,0,NA,NA,NA,0,NA,NA,NA
YPR127W_mRNA,0,NA,NA,NA,0,NA,NA,NA
YPR129W_mRNA,0,NA,NA,NA,0,NA,NA,NA
YPR132W_mRNA,0,NA,NA,NA,0,NA,NA,NA
YPR133C_mRNA,0,NA,NA,NA,0,NA,NA,NA
YPR133W-A_mRNA,0,NA,NA,NA,0,NA,NA,NA
YPR134W_mRNA,0,NA,NA,NA,0,NA,NA,NA
YPR138C_mRNA,1,178,187,TTTTTTTTTT,1,61,69,TTTTTTTTT
YPR139C_mRNA,0,NA,NA,NA,0,NA,NA,NA
YPR140W_mRNA,0,NA,NA,NA,0,NA,NA,NA
YPR143W_mRNA,0,NA,NA,NA,0,NA,NA,NA
YPR144C_mRNA,0,NA,NA,NA,0,NA,NA,NA
YPR145W_mRNA,0,NA,NA,NA,0,NA,NA,NA
YPR148C_mRNA,0,NA,NA,NA,0,NA,NA,NA
YPR149W_mRNA,1,36,47,TTTTTTTTTTTT,0,NA,NA,NA
YPR154W_mRNA,0,NA,NA,NA,3,105,111,TTTTTTT
YPR156C_mRNA,0,NA,NA,NA,0,NA,NA,NA
YPR158W_mRNA,0,NA,NA,NA,0,NA,NA,NA
YPR159W_mRNA,1,58,64,TTTTTTT,1,276,286,TTTTTTTTTTT
YPR161C_mRNA,0,NA,NA,NA,0,NA,NA,NA
YPR162C_mRNA,0,NA,NA,NA,0,NA,NA,NA
YPR163C_mRNA,0,NA,NA,NA,1,48,54,TTTTTTT
YPR166C_mRNA,0,NA,NA,NA,0,NA,NA,NA
YPR167C_mRNA,0,NA,NA,NA,0,NA,NA,NA
YPR171W_mRNA,0,NA,NA,NA,0,NA,NA,NA
YPR173C_mRNA,0,NA,NA,NA,0,NA,NA,NA
YPR175W_mRNA,0,NA,NA,NA,0,NA,NA,NA
YPR176C_mRNA,0,NA,NA,NA,0,NA,NA,NA
YPR178W_mRNA,0,NA,NA,NA,0,NA,NA,NA
YPR180W_mRNA,0,NA,NA,NA,0,NA,NA,NA
YPR181C_mRNA,0,NA,NA,NA,0,NA,NA,NA
YPR182W_mRNA,0,NA,NA,NA,0,NA,NA,NA
YPR183W_mRNA,0,NA,NA,NA,0,NA,NA,NA
YPR187W_mRNA,0,NA,NA,NA,0,NA,NA,NA
YPR190C_mRNA,0,NA,NA,NA,0,NA,NA,NA
YPR191W_mRNA,0,NA,NA,NA,1,69,76,TTTTTTTT
YPR198W_mRNA,0,NA,NA,NA,0,NA,NA,NA
YPR199C_mRNA,0,NA,NA,NA,0,NA,NA,NA
